Series Name,Series Code,Country Name,Country Code,2000 [YR2000],2001 [YR2001],2002 [YR2002],2003 [YR2003],2004 [YR2004],2005 [YR2005],2006 [YR2006],2007 [YR2007],2008 [YR2008],2009 [YR2009],2010 [YR2010],2011 [YR2011],2012 [YR2012],2013 [YR2013],2014 [YR2014],2015 [YR2015],2016 [YR2016],2017 [YR2017],2018 [YR2018],2019 [YR2019],2020 [YR2020],2021 [YR2021],2022 [YR2022]
"GDP, PPP (constant 2021 international $)",NY.GDP.MKTP.PP.KD,Afghanistan,AFG,32567375969.9946,29495629513.1972,37931379899.2707,41281584746.4411,41865355064.2988,46566715049.4503,49061481753.757,55844878995.5875,58036781460.4599,70451155676.9393,80569661676.7348,80913174277.9269,91231454557.6403,96341095375.7699,98965950294.897,100402257640.593,102671664129.973,105389386367.805,106642706595.941,110814146350.335,108208794210.783,85767546197.7544,80415503801.351
"GDP, PPP (constant 2021 international $)",NY.GDP.MKTP.PP.KD,Albania,ALB,20390600616.3343,22081656872.8284,23083396571.8713,24359593882.9194,25702944590.0256,27123398352.0301,28724400075.7045,30443055477.3821,32726297250.805,33824031954.0971,35077867899.3353,35970742104.2049,36480534856.7502,36846076214.96,37499890991.586,38331910963.6793,39602606407.8726,41108534612.3004,42760828696.4346,43642799668.9623,42196601169.2763,45981447840.6749,48200829010.3671
"GDP, PPP (constant 2021 international $)",NY.GDP.MKTP.PP.KD,Algeria,DZA,357194008652.805,367909828909.169,387776959670.264,412982462048.832,431566672841.029,454871273174.444,468062540096.504,482572478839.495,494636790810.483,500572432300.208,524599909050.618,540337906322.136,553306016073.868,567691972491.788,590967343363.952,609878298351.598,633663551987.31,643168505267.12,652172864340.86,658042420119.927,625140299113.931,648895630480.26,672255873177.55
"GDP, PPP (constant 2021 international $)",NY.GDP.MKTP.PP.KD,American Samoa,ASM,..,..,..,..,..,..,..,..,..,..,..,..,..,..,..,..,..,..,..,..,..,..,..
"GDP, PPP (constant 2021 international $)",NY.GDP.MKTP.PP.KD,Andorra,AND,3600138634.67129,3892446768.89736,4069411497.98481,4423214423.66702,4783072832.92882,5041253346.26448,5283671526.22279,5365736885.77917,5067445572.25505,4798726709.88385,4703953872.84549,4703574275.36736,4469597620.27972,4311034330.8461,4419002699.26687,4482377402.04324,4648659173.53205,4664746876.17637,4738858764.76253,4834372720.68675,4293699379.34509,4649508748.84024,5094216232.49801
"GDP, PPP (constant 2021 international $)",NY.GDP.MKTP.PP.KD,Angola,AGO,97217622732.544,101306594541.042,115150838445.243,118593848514.756,131579874934.174,151356330124.348,168837986250.5,192492188138.725,213993565542.684,215833910210.958,225327096983.953,233150573548.039,253066545188.451,265605013213.782,278413972399.103,281041007465.416,273790009952.672,273386955626.621,269788194480.114,267893544947.44,252789131669.92,255820605533.992,263609643364.336
"GDP, PPP (constant 2021 international $)",NY.GDP.MKTP.PP.KD,Antigua and Barbuda,ATG,1914205652.77053,1827146277.21666,1845915180.31838,1958089526.02396,2071007368.51491,2205082670.70943,2485304852.8264,2716819214.04308,2716438684.1923,2391472045.92859,2203970352.68407,2160800704.68903,2233680952.57216,2220262884.603,2269362943.96486,2302158762.797,2396541874.4021,2455576690.02212,2626317506.91597,2707745040.67825,2196511967.60871,2376444043.97534,2602595861.44867
"GDP, PPP (constant 2021 international $)",NY.GDP.MKTP.PP.KD,Argentina,ARG,829178972033.759,792621800475.08,706269738674.223,768683083609.037,838091886093.454,912276929668.686,985689236302.599,1074476681421.66,1118070705029.3,1051897409980.83,1158406210935.09,1227956360246.09,1215352364993.03,1244585524448.65,1213313877880.72,1246451419104.46,1220521143173.66,1254921567938.2,1222075295207.81,1197623267200.44,1079052757506.56,1191725417699.43,1254527913254.77
"GDP, PPP (constant 2021 international $)",NY.GDP.MKTP.PP.KD,Armenia,ARM,14781654475.3627,16200693304.8905,18339184820.8016,20906670695.9981,23101871118.8312,26313031204.1439,29786351322.9505,33867081454.6554,36203910075.1721,31099158754.3195,31783340246.9814,33277157238.1681,35673112559.6373,36850325274.1053,38176936984.1905,39398598967.2899,39477396165.156,42438200878.1907,44644987323.7094,48038006359.6591,44579269902.145,47164867556.762,53107640868.8087
"GDP, PPP (constant 2021 international $)",NY.GDP.MKTP.PP.KD,Aruba,ABW,3555110646.86675,3703785432.08401,3668786382.70893,3709528424.23265,3980091340.21122,3964842110.90432,4009542195.39676,4133418781.15287,4209298230.20474,3717747269.41532,3616124254.15126,3737960057.14955,3699055373.19706,3936959476.04352,3874496655.79669,3850334291.06464,3916545601.34322,4192604625.63319,4293104933.80396,4197263925.2077,3097084627.34777,3844492519.39592,4171963243.75766
"GDP, PPP (constant 2021 international $)",NY.GDP.MKTP.PP.KD,Australia,AUS,843871589266.96,860960879525.666,895223555403.471,922892784017.514,961878403738.573,992217660045.097,1019556690699.95,1058027844686.84,1095971547626.56,1116713420928.22,1141504238493.51,1168981160805.48,1214766756101.85,1246377336386.09,1278724369422,1306730597825.85,1342788338639.1,1373398431473.95,1412931289385.81,1443613728964.52,1441887300683.51,1472327966101.1,1534789795033.07
"GDP, PPP (constant 2021 international $)",NY.GDP.MKTP.PP.KD,Austria,AUT,433558285667.351,439268194567.198,445788555376.4,450877521564.443,462443680147.645,473174062680.29,488643713155.837,507091110900.469,514460694399.747,496010771713.079,504983520612.76,519766751118.867,523032165874.635,521720785391.052,525663946270.995,532516097228.437,543790632789.992,556146916098.148,569962833838.475,579965547379.455,543321843521.102,569375914020.088,599426972430.888
"GDP, PPP (constant 2021 international $)",NY.GDP.MKTP.PP.KD,Azerbaijan,AZE,44841241661.8096,49280524525.944,53932071972.9041,59437619352.7793,64937858840.7126,83095482987.1161,111763424617.671,139704280606.197,154735033506.153,169119765061.013,177658528160.298,177836186933.316,181686766253.349,192242405530.178,197530045996.288,199690977126.894,193500557074.845,193887558070.879,196795871441.943,201715768360.705,193041990114.825,203884098954.124,213496831273.905
"GDP, PPP (constant 2021 international $)",NY.GDP.MKTP.PP.KD,"Bahamas, The",BHS,11200515181.763,11494641811.0921,11805566842.8672,11656236259.1608,11759087827.5107,12158436351.9152,12464414614.8719,12644662503.6934,12350845047.4154,11835144398.0941,12017247325.2225,12090933569.0804,12453408054.2508,12096828468.589,12320288444.1932,12443091980.1107,12323400786.2415,12668396688.2535,13001561568.1748,12825095896.3456,10077516213.8323,11629771045.9822,12883694495.3073
"GDP, PPP (constant 2021 international $)",NY.GDP.MKTP.PP.KD,Bahrain,BHR,36959988369.1572,37880642500.2661,39149095007.7291,41614095060.0745,44519158637.8921,47532659538.3114,50606596688.6419,54803887801.8727,58226396500.1981,59705280555.8592,62293086037.1284,63494195104.0003,65908897751.0461,69397206737.5295,72387433086.8861,74202817290.9218,77033649779.8554,80849769947.2943,82509283148.6207,84203097859.2666,79225547127.628,82671890844.1512,87616746984.0241
"GDP, PPP (constant 2021 international $)",NY.GDP.MKTP.PP.KD,Bangladesh,BGD,365009967807.802,383542574281.815,398244236516.444,417119290521.284,438974393023.351,467665517646.591,498867716635.171,534080790061.383,566199285910.257,594764746496.571,627903778372.382,668493859146.43,712089410611.241,754911659700.223,800667303501.53,853132148522.175,913819518032.847,974042508801.188,1045336699213.33,1127729250889.44,1166613553390.4,1247561124482.2,1336135828193.28
"GDP, PPP (constant 2021 international $)",NY.GDP.MKTP.PP.KD,Barbados,BRB,4940300480.46953,4823439440.12724,4861419278.23847,4967178519.74823,5037295143.95361,5236543217.73715,5554429963.5782,5669916776.51655,5705833491.39107,5419556079.33861,5299366018.54009,5260604624.09112,5244122563.18964,5191136900.81965,5195414681.98675,5151456355.18413,5243766864.27155,5250502273.14038,5188857958.70551,5222719689.0891,4436472511.25397,4425161020.06509,5214293923.41486
"GDP, PPP (constant 2021 international $)",NY.GDP.MKTP.PP.KD,Belarus,BLR,111596538181.325,116869816151.576,122766211009.548,131412871590.57,146459307731.814,160226484985.316,176249125026.036,191406561408.986,210930029663.458,211351879702.312,227731686449.592,240370737483.726,244475915301.019,246917543398.808,250994459910.067,241382449970.427,235284051667.169,241241875602.158,248839058943.738,252438405140.542,250740143565.291,256855349956.288,244890010824.575
"GDP, PPP (constant 2021 international $)",NY.GDP.MKTP.PP.KD,Belgium,BEL,527763227856.97,533566531247.503,542673946924.042,548306659836.302,567887824600.012,581072691818.538,595903646503.417,617814575697.762,620575619604.276,608744712215.446,625243589629.483,637318012338.931,638693368019.654,640644540993.898,651955379070.422,661566273080.508,669462084014.75,679333085916.285,692090747770.309,708997763898.659,675015615243.044,716883823393.989,747232611384.136
"GDP, PPP (constant 2021 international $)",NY.GDP.MKTP.PP.KD,Belize,BLZ,2733723411.44429,2870244677.12019,3025155337.29416,3317586686.75806,3476195214.30393,3553350717.30671,3713658264.99642,3838186447.30401,3773623681.83795,3758932154.71178,3800808004.13945,3791513364.52901,3933231632.99785,4108430592.53654,4274035085.38058,4396964189.90574,4399362806.5794,4319608802.18015,4367581135.65338,4553973639.66916,3920838780.18393,4616637500.26857,5062280489.76259
"GDP, PPP (constant 2021 international $)",NY.GDP.MKTP.PP.KD,Benin,BEN,18315245216.9866,19292022099.3023,20187756640.9639,20882937540.2307,21807985798.8406,22181592483.5838,23056376559.0627,24436611800.8323,25633169334.4503,26227677415.8337,26782147492.6578,27575904170.7536,28902642501.7287,30981156880.988,32950839416.3041,33536755116.7638,34656773215.4406,36622353578.7467,39075045480.191,41757815652.7983,43364987288.175,46467947984.7692,49373702578.7732
"GDP, PPP (constant 2021 international $)",NY.GDP.MKTP.PP.KD,Bermuda,BMU,5984891121.72288,6417146024.98044,6322314044.38332,6537949631.62813,6689712913.49849,6801712496.11236,7178790348.47856,7418930915.0353,7280496941.37318,6870845386.65874,6698876489.17275,6448154670.04412,6106060777.93223,6088981604.14762,5863624279.21366,5909098426.9701,5870263459.58317,6082263318.65031,6055939203.91713,6074486531.20472,5658817336.41068,5965474014.7205,6349121642.12384
"GDP, PPP (constant 2021 international $)",NY.GDP.MKTP.PP.KD,Bhutan,BTN,3155957485.99283,3387237868.11166,3740993523.62583,4032288248.98865,4240243727.3036,4534307660.14577,4790079125.36941,5561511005.10767,5813416792.57383,6259160083.50355,7005995171.89064,7600752209.8337,7993317388.3402,8132108587.20672,8610364845.4666,9183884142.47696,9962304960.22109,10170202848.8421,10526350318.1957,11132157411.2889,9994629326.98952,10436528610.0243,10980675415.8553
"GDP, PPP (constant 2021 international $)",NY.GDP.MKTP.PP.KD,Bolivia,BOL,52894731696.8795,53785372727.536,55122243524.0202,56616794871.7388,58979581074.8463,61587323810.5845,64541673167.9731,67487603144.9233,71637076989.9219,74041933359.5186,77097438550.321,81109660523.7312,85264320858.5034,91058893848.1463,96031228100.6,100695644651.071,104989227225.848,109393741901.869,114014121704.605,116541479327.601,106358219546.292,112858166795.217,116927471575.734
"GDP, PPP (constant 2021 international $)",NY.GDP.MKTP.PP.KD,Bosnia and Herzegovina,BIH,33022435119.2253,33822672139.1219,35523088110.3477,36896815231.8927,39230637003.0519,40759524753.641,42966246879.2419,45482834243.4482,47958842889.3641,46517940590.1512,46920632102.3355,47370840844.6341,46981529996.4296,48085528609.5456,48640364006.5027,50739074409.7454,52384164694.1734,54083559883.326,56153607708.1497,57774955162.8103,56032985293.1692,60173801804.3836,62717234684.7618
"GDP, PPP (constant 2021 international $)",NY.GDP.MKTP.PP.KD,Botswana,BWA,22117698200.1735,22173119390.134,23518923717.7977,24606884375.2201,25272702793.8426,26424290307.1524,28634383885.636,30293046543.6894,31278198518.4815,26854136736.2622,29572368613.5331,31594683838.3681,31540688283.1084,35042595321.543,37038193113.9308,35241346050.8487,37780282311.1911,39334700518.5398,40982074575.3385,42224734095.6776,38539041551.5395,43133140608.7628,45499436856.6038
"GDP, PPP (constant 2021 international $)",NY.GDP.MKTP.PP.KD,Brazil,BRA,2437186456558.21,2471060823402.5,2546513723160.09,2575565090158.29,2723916728546.84,2811140139434.87,2922517194416.03,3099910206578.08,3257825691169.88,3253726955440.9,3498674868152.62,3637727009587.29,3707614147323.18,3819021377717.48,3838267555171.56,3702171669286.63,3580891601615.87,3628262108472.51,3692978213726.3,3738061272790.16,3615574021216.43,3787769507879.98,3902034936764.09
"GDP, PPP (constant 2021 international $)",NY.GDP.MKTP.PP.KD,British Virgin Islands,VGB,..,..,..,..,..,..,..,..,..,..,..,..,..,..,..,..,..,..,..,..,..,..,..
"GDP, PPP (constant 2021 international $)",NY.GDP.MKTP.PP.KD,Brunei Darussalam,BRN,32747978585.697,33228083767.9709,34544394076.2845,35782267885.8421,35819674110.5465,35818268120.7388,37286248538.0044,35882934534.8187,34483245024.5781,33827975829.3173,34755323894.0047,36056704461.8118,36385950967.0723,35612828398.7822,34719698828.0046,34583464462.7432,33726514652.9977,34174647795.1643,34192545418.5773,35515401716.6394,35917994865.5525,35346624879.392,34771064638.0763
"GDP, PPP (constant 2021 international $)",NY.GDP.MKTP.PP.KD,Bulgaria,BGR,103424642229.15,107379294797.84,113684533100.343,119638366757.725,127427333105.255,136419050720.468,145699078041.573,155394459495.482,164919454260.664,159399366984.805,161878600396.727,165262146869.893,166499654444.421,165595974900.884,167168224203.931,172847853652.873,178079316798.816,182969243855.571,187633979493.977,194743150210.485,188480721828.139,203145680792.365,211350283009.074
"GDP, PPP (constant 2021 international $)",NY.GDP.MKTP.PP.KD,Burkina Faso,BFA,17036525024.9961,18163219549.8152,18953857927.1605,20432731533.6007,21347801635.5542,23196921150.2789,24647462832.3919,25660813447.6573,27149138508.3087,27953282649.4762,30314295612.087,32321878819.7076,34407503766.8525,36400587615.628,37975584844.5378,39464694412.0733,41815991712.8466,44410042330.9491,47343134249.8795,50131268465.3998,51139294287.7971,54689652540.5665,55508487752.6131
"GDP, PPP (constant 2021 international $)",NY.GDP.MKTP.PP.KD,Burundi,BDI,6392790185.90594,6524213620.96985,6814314046.1228,6730925379.84221,7056275277.3296,7119781754.8892,7505233008.23771,7764309791.27688,8141788511.19378,8452214175.39105,8885319152.80728,9243628531.93661,9654665547.09098,10130079612.68,10559660855.4562,10147834073.5944,10086946976.8972,10137381839.1223,10300587140.1404,10487292010.8126,10521601909.4771,10847771568.5348,11048346804.0333
"GDP, PPP (constant 2021 international $)",NY.GDP.MKTP.PP.KD,Cabo Verde,CPV,2044521201.70721,2090147852.0345,2199899241.02861,2291772738.2399,2525466468.96274,2700038276.85302,2915602594.87611,3357919567.09354,3594283904.72014,3540240729.11105,3605254387.81299,3746750463.41027,3787352067.99735,3811293311.41454,3837845328.09483,3873768577.6945,4039593563.54896,4223448183.68258,4380009912.03763,4684325394.4235,3709738572.10333,3970664151.46117,4599763302.14502
"GDP, PPP (constant 2021 international $)",NY.GDP.MKTP.PP.KD,Cambodia,KHM,23953005981.2005,25723063815.3573,27334632491.0909,30145638982.9605,32996721516.8066,37386385535.0717,41477712320.6486,45790754857.6479,49214239315.3323,51219610560.8403,53819988410.352,57741666976.1537,62159052652.6501,67043200062.8067,72406871106.3382,77625259450.4716,83761925237.7963,90525733498.0315,98470474432.232,106286026886.488,102506791315.638,105674090069.142,111067028703.109
"GDP, PPP (constant 2021 international $)",NY.GDP.MKTP.PP.KD,Cameroon,CMR,57010156987.347,59475425081.572,62138155821.9261,65526644958.2901,70145528271.0204,71708560180.5984,74440357496.4561,77661830226.2754,79873388993.9853,81933524799.2723,84308797938.1703,87157770352.3957,91189670263.5506,95745076833.6667,101221521111.431,106957697125.582,111809078187.605,115768435044.329,120347671976.682,124529825764.752,124853519772.037,129022200845.744,133843481810.674
"GDP, PPP (constant 2021 international $)",NY.GDP.MKTP.PP.KD,Canada,CAN,1462709981458.8,1490137229000.17,1534830249556.88,1562555195029.98,1610875086776.22,1662591496177.59,1706449725477.16,1741430317085.65,1758764624346.07,1707495118796.61,1760270486764.73,1815493593719.7,1847367512609.86,1890333836978.6,1944651951661.22,1957291625275.61,1977619095748.98,2037616794116.45,2093507877645.54,2133461050343.05,2025972302247.91,2133084584492.55,2214565564520.83
"GDP, PPP (constant 2021 international $)",NY.GDP.MKTP.PP.KD,Cayman Islands,CYM,..,..,..,..,..,..,4445537886.44747,4586133589.09912,4569742692.56795,4240699172.13266,4125537250.05143,4173767346.52232,4225094403.10133,4279147346.42407,4392738510.23343,4517190161.30993,4663545963.37824,4812035408.50852,5017377829.29841,5213840048.84888,4955504368.02689,5198568359.3221,5466623675.42002
"GDP, PPP (constant 2021 international $)",NY.GDP.MKTP.PP.KD,Central African Republic,CAF,4775723303.89492,4988946886.03721,5169374255.08257,4890358043.7725,5183529346.83071,5230606705.4001,5480163419.84512,5732663859.49915,5850420282.78479,6352811108.50702,6646998256.28472,6925814264.62087,7275828382.42044,4628010583.77193,4631762535.80156,4832647682.81084,5062213759.5644,5291394260.22005,5491908660.98135,5662157829.47177,5713117249.75906,5769272621.61696,5798240716.57507
"GDP, PPP (constant 2021 international $)",NY.GDP.MKTP.PP.KD,Chad,TCD,9277355909.13722,10358922553.3825,11238520402.376,12893017953.101,17228858903.5546,20215056685.1831,20346103218.8008,21011725899.9237,21653149077.1911,22566412982.6652,25624184702.1987,25645419412.4129,27923393300.6278,29515027099.3199,31551559555.2956,32424804397.2969,30396461975.8189,29488004137.0016,30188060501.791,31168321743.6293,30669626495.9041,30311041208.7462,31161066088.6256
"GDP, PPP (constant 2021 international $)",NY.GDP.MKTP.PP.KD,Channel Islands,CHI,..,..,..,..,..,..,..,..,..,..,..,..,..,..,..,..,..,..,..,..,..,..,..
"GDP, PPP (constant 2021 international $)",NY.GDP.MKTP.PP.KD,Chile,CHL,271801379087.501,280374089508.851,289353908436.017,303020803220.554,323245181807.772,342113150842.259,362810965093.169,381561873816.161,396020751999.013,391593092542.455,414507753725.929,440306288491.688,467408637682.041,482872890996.15,491529109334.837,502106533131.29,510908655200.935,517845238398.257,538507416046.354,541923532261.011,508630596663.334,566278570129.927,577936774023.041
"GDP, PPP (constant 2021 international $)",NY.GDP.MKTP.PP.KD,China,CHN,5036769057117.47,5456620701629.82,5955008290109.18,6552773837418.75,7215496573067.44,8037672954625.27,9060141767713.25,10349477943026.9,11348272829141.9,12414865856391.4,13735294981706.8,15047129954669.4,16230396597386.1,17490873558596,18789704490483.8,20112749379001.5,21490223756848.4,22983192752169.8,24534506282427.8,25994432263673.9,26576353594843,28821648700423.3,29672080421839.5
"GDP, PPP (constant 2021 international $)",NY.GDP.MKTP.PP.KD,Colombia,COL,430406416834.288,437628198819.339,448586323434.094,466163155306.923,491023739250.457,514734102601.141,549308116418.974,586321566756.253,605573119878.577,612474525736.667,640003166950.999,684469895670.442,711250709623.894,747766274966.63,781408504015.56,804506168732.273,821299289722.908,832463710875.639,853810779958.93,881020494841.416,817711118547.378,906033717087.335,972073462698.836
"GDP, PPP (constant 2021 international $)",NY.GDP.MKTP.PP.KD,Comoros,COM,1632971701.37627,1671067414.16853,1709918810.14477,1745893306.982,1779408519.07138,1829900087.60082,1878336728.17382,1893364217.45519,1968428747.06361,2032220419.17664,2108992966.4554,2196379231.21248,2265969527.5368,2367173330.71419,2417041567.34052,2444773512.15924,2525950910.2022,2622335207.3205,2717852485.92101,2765707895.42458,2760299364.81606,2815509823.50303,2888797834.74912
"GDP, PPP (constant 2021 international $)",NY.GDP.MKTP.PP.KD,"Congo, Dem. Rep.",COD,44785997321.1114,43845413886.4461,45137873731.5951,47655584123.5075,50866795581.8206,53987550378.7193,56860216902.2796,60419369536.0526,64181015601.1775,66013424678.9329,70705643442.004,75566423729.3102,80921739816.6562,87785486697.0725,96099025196.6669,102745394379.215,105210666253.396,109131812716.167,115484507692.662,120547959277.788,122639976008.026,130243843399.282,141867386989.06
"GDP, PPP (constant 2021 international $)",NY.GDP.MKTP.PP.KD,"Congo, Rep.",COG,23857518231.7228,24764724673.0889,25899412178.5963,26110042793.8187,27017792797.8924,29113227688.4904,31438279446.956,29358953277.7384,31210439248.1357,34842488218.4079,38302788206.1274,39147716827.6844,43041800172.356,42735155559.2203,45575361950.4456,45764587690.9234,41789821841.049,39451775871.4041,38542681577.0867,38976083979.3992,36533151792.0523,36903988991.0873,37448454255.7938
"GDP, PPP (constant 2021 international $)",NY.GDP.MKTP.PP.KD,Costa Rica,CRI,55867522672.5945,57817952804.8537,59793520783.6615,62374914624.3229,65134754845.136,67724946735.0592,72686947314.1644,78658275970.7908,82385242641.945,81665643844.1088,86043202897.1513,89831822135.6548,94217943865.2462,96568461200.3133,99989022203.1936,103640702253.195,107998092396.312,112488327963.675,115430915089.243,118221471102.718,113169448758.274,122150307148.459,127709968337.058
"GDP, PPP (constant 2021 international $)",NY.GDP.MKTP.PP.KD,Cote d'Ivoire,CIV,85633803213.3227,83789240395.7837,81501353004.0622,77649707795.0553,80122880670.5141,80920957094.4427,83199350239.2588,84115732649.5223,88138707177.7418,91314628222.062,97567899071.286,92328066528.4805,99363845372.1675,110055606909.495,120370018325.665,129030580269.806,138285633654.093,148533653433.383,155727355215.77,166194369560.793,167357279085.387,179178274483.428,190319312458.775
"GDP, PPP (constant 2021 international $)",NY.GDP.MKTP.PP.KD,Croatia,HRV,95144014102.2849,98104167854.2561,103797475003.536,109577305234.907,114147210174.07,119086447306.098,125137784522.329,131455848867.025,134043675684.253,124909998363.889,123243597154.08,123123124747.448,120348242764.527,120197266103.13,119527586797.88,122304422001.371,126537536398.737,130689179975.839,134485284400.526,138654918761.243,127130417495.818,143189150859.334,153624685151.577
"GDP, PPP (constant 2021 international $)",NY.GDP.MKTP.PP.KD,Cuba,CUB,..,..,..,..,..,..,..,..,..,..,..,..,..,..,..,..,..,..,..,..,..,..,..
"GDP, PPP (constant 2021 international $)",NY.GDP.MKTP.PP.KD,Curacao,CUW,4592374851.47544,4560423233.34023,4578531087.73703,4591725804.54718,4601297765.43357,4632422109.72716,4708205510.00142,4824496454.81444,4930058515.6481,4903864708.40237,4907900913.14464,4932855502.54849,4915642262.6107,4884393676.75904,4853260679.76042,4875495968.50686,4823439884.28957,4761882753.74666,4661687439.15566,4512227577.28306,3680241833.29686,3834212549.94907,4099003268.64856
"GDP, PPP (constant 2021 international $)",NY.GDP.MKTP.PP.KD,Cyprus,CYP,25660250318.0995,26674487246.8594,27667566803.3461,28393366243.8661,29820514483.3834,31267705195.8797,32741611246.4881,34410801000.3221,35665698217.255,34946940825.9836,35744969944.8301,35893923796.6608,34656523335.3729,32373532846.5576,31798558892.7625,32885727133.342,35047500334.1513,37063023359.8368,39387492877.912,41701740955.1764,40358680367.3682,44954631380.8857,48265819835.5863
"GDP, PPP (constant 2021 international $)",NY.GDP.MKTP.PP.KD,Czechia,CZE,315668440579.001,324877182027.412,329794066546.156,340680030560.148,356815794112.644,379562903958.357,404702011672.66,426915400754.605,438067575379.419,417047673036.38,428369120729.295,435961452936.342,432601636756.774,432420755596.224,442129519095.944,464053654162.315,476030276387.529,500658013527.324,514828166793.577,533185788951.409,504900925093.745,525243475794.645,540198053916.177
"GDP, PPP (constant 2021 international $)",NY.GDP.MKTP.PP.KD,Denmark,DNK,309423331621.111,312362953154.474,313788983715.767,315173078665.162,323923392254.934,331566717229.884,344220920201.088,347618978899.631,346168787502.767,328948693605.161,334155612676.138,338535737076.161,338517346736.033,343231788015.959,347618289559.081,354933619552.08,365840891086.263,377022734671.325,384035385770.887,390607770987.903,383654538666.104,411976171034.168,418321317228.079
"GDP, PPP (constant 2021 international $)",NY.GDP.MKTP.PP.KD,Djibouti,DJI,..,..,..,..,..,..,..,..,..,..,..,..,..,4378934655.23348,4688155019.46657,5040990672.51429,5400082232.1998,5694823662.43797,5966718285.13844,6297580606.58027,6380479642.79444,6669027120.13223,6917686896.11475
"GDP, PPP (constant 2021 international $)",NY.GDP.MKTP.PP.KD,Dominica,DMA,886078545.003989,885512830.552732,860470537.510418,915137410.650228,943055418.819766,949240563.486843,993470005.000961,1056584880.61288,1131824902.63007,1118587184.47065,1126111186.67237,1123593757.36428,1111694896.73951,1100578607.7723,1152897765.9394,1121406328.15275,1152398051.50745,1076120886.32962,1114297183.21529,1175611201.15737,980411429.751109,1047967163.80539,1106480895.21375
"GDP, PPP (constant 2021 international $)",NY.GDP.MKTP.PP.KD,Dominican Republic,DOM,92950354160.2043,95236483334.6367,99517461737.8343,98178249100.0091,100701561934.947,110195943803.299,120305711330.634,129227524793.078,133375087708.446,134637022993.345,145865280908.053,150435857173.807,154523752861.782,162057102731.693,173482879916.304,185500071573.657,197852892827.191,207086103030.978,221545947298.949,232738820798.352,217098214927.192,243740486662.959,255582189311.542
"GDP, PPP (constant 2021 international $)",NY.GDP.MKTP.PP.KD,Ecuador,ECU,116382238865.783,121277592226.308,127254267786.608,130924917605.545,139870228228.072,147421293755.993,153821046693.08,156747382273.581,167037723591.341,168860126820.233,175663734153.937,190562612596.47,201583253116.281,216119898317.055,225253266138.503,225522876523.984,223971382319.511,237343367063.244,239821933276.412,240218607226.113,218010165471.528,239415314251.538,254225878552.211
"GDP, PPP (constant 2021 international $)",NY.GDP.MKTP.PP.KD,"Egypt, Arab Rep.",EGY,729490135696.291,755279450118.01,773332169940.297,798028182757.074,830684067473.477,867830136338.384,927223026666.34,992942994658.098,1064000811005.14,1113727950775.21,1171054144075.82,1191718237009.77,1218248266002.38,1244872668304.69,1281172058328.89,1337185145139.77,1395307815739.63,1453648719145.25,1531144311300.78,1616154868524.25,1673531030392.09,1728601012503.64,1842478578400.74
"GDP, PPP (constant 2021 international $)",NY.GDP.MKTP.PP.KD,El Salvador,SLV,44845358873.2488,45239824775.7213,45951410325.2796,46670730500.3765,47085822070.9522,48348112958.8643,50444969942.3996,51376992319.8102,52483859774.8353,51377096737.2549,52483859774.8353,54464382833.8519,56037150872.4371,57260415160.2687,58250676689.777,59648692981.8958,61163210524.2658,62537926514.7702,64046619110.6471,65607737256.2459,60429252054.6952,67623210509.8633,69516357566.7362
"GDP, PPP (constant 2021 international $)",NY.GDP.MKTP.PP.KD,Equatorial Guinea,GNQ,8275815154.02212,13521016489.0496,16152589488.2834,18406723783.951,25401044477.6871,29655389367.8877,31940312684.5962,36821467655.2962,43375360867.775,43958046505.4614,40035153118.1574,42647015932.6991,46192207712.6692,44282992075.7645,44466795853.2098,40415852453.4227,36852622273.1796,34763996771.5807,32595924793.3504,30809073115.5301,29332985518.4104,29585328380.1352,30539013900.9581
"GDP, PPP (constant 2021 international $)",NY.GDP.MKTP.PP.KD,Eritrea,ERI,..,..,..,..,..,..,..,..,..,..,..,..,..,..,..,..,..,..,..,..,..,..,..
"GDP, PPP (constant 2021 international $)",NY.GDP.MKTP.PP.KD,Estonia,EST,29504258151.7017,31239329725.2787,33405152496.0652,35942708576.2708,38387062618.9433,42042684869.3079,46147131564.4306,49640893106.8652,47096642103.7856,40206299606.2791,41191251788.7603,44324660688.1514,45952271607.4134,46759420782.2353,48313136987.8873,49201208320.721,50723009484.8028,53581085875.7377,55563422330.7798,57634078376.9779,55972021037.4724,59976509887.9646,60012752392.7986
"GDP, PPP (constant 2021 international $)",NY.GDP.MKTP.PP.KD,Eswatini,SWZ,6453694645.38819,6521765951.65259,6807425762.61597,7071568421.91189,7327835995.95249,7767416503.29131,8232853059.15806,8598011013.02353,8668657766.8221,8804326495.72329,9138341069.57851,9343700589.76197,9847945603.99374,10228195838.4418,10403802488.3243,10544763080.9572,10916887553.9807,11185995230.0189,11272034709.9073,11831366759.2579,11489787751.8442,11880364539.8064,11872331125.4157
"GDP, PPP (constant 2021 international $)",NY.GDP.MKTP.PP.KD,Ethiopia,ETH,54621558951.4727,59155861877.0796,60051910923.7216,58753973108.6901,66728416705.8756,74614892096.248,82699212005.3751,92173371840.4144,102117516049.557,111106464724.117,125050924184.125,139029486924.233,151052495068.288,167037278011.059,184171115045.298,203311030070.332,222490340833.501,243769738968.077,260385444660.056,282164306399.35,299262139696.11,316145105232.455,332967743594.595
"GDP, PPP (constant 2021 international $)",NY.GDP.MKTP.PP.KD,Faroe Islands,FRO,..,..,..,..,..,..,..,..,2598661867.19318,2480337042.10383,2470916275.77506,2559038124.01437,2740255985.11459,2900729318.75885,3058301056.37386,3087599639.65633,3130407601.85426,3240347944.91101,3329901749.63229,3481029683.07842,3424034046.78936,3612505897.96273,3740967467.62183
"GDP, PPP (constant 2021 international $)",NY.GDP.MKTP.PP.KD,Fiji,FJI,7926503897.14572,8085033986.72094,8343755002.64099,8427192497.99556,8873833675.49618,8935950546.93584,9101487589.62726,9024065393.16781,9117265418.98091,8990896682.36859,9256548227.14405,9506951096.23763,9641124064.3276,10097556038.7942,10663374095.6019,11143353824.6384,11415881481.1758,12027015277.6464,12485527311.3026,12412868238.2128,10297880888.4883,9795237609.33947,11733982218.3191
"GDP, PPP (constant 2021 international $)",NY.GDP.MKTP.PP.KD,Finland,FIN,245380539926.771,251859229466.796,256108916496.266,261261314822.845,271725821936.262,279272488380.098,290498050556.308,305931636163.661,308331459427.361,283430515493.246,292410409719.57,299400172732.42,294840786288.711,291952110137.96,290556379593.968,291911835326.243,299419615744.973,309310553988.072,313000560013.334,317225248883.807,309323053067.571,317782152314.793,322390146289.885
"GDP, PPP (constant 2021 international $)",NY.GDP.MKTP.PP.KD,France,FRA,2871247924676.35,2925786331589.15,2957026422467.46,2985645327836.16,3071281117026.3,3129284281891,3214215076251.04,3295550205760.12,3308078945956.16,3214640552371.38,3278943802224.63,3358870568050.82,3365045356862.79,3391351815847.98,3425191841309.93,3461730237456.14,3491502193473.81,3564251651686.78,3622915980757.07,3696368663151.73,3421334958642.82,3656802790020.89,3750813356217.19
"GDP, PPP (constant 2021 international $)",NY.GDP.MKTP.PP.KD,French Polynesia,PYF,..,..,..,..,..,..,..,..,..,..,..,..,..,..,..,..,..,..,..,..,..,..,..
"GDP, PPP (constant 2021 international $)",NY.GDP.MKTP.PP.KD,Gabon,GAB,27701882953.7729,28293382817.118,28222922909.4005,28857185126.0672,29056167842.9723,29833769975.2598,28996461844.4476,30738600595.4542,29721635312.3458,29760371852.4762,31870348681.2082,34130515199.1018,35922734804.547,37948309693.9604,39585765763.2436,41121257791.9715,41981285134.0148,42179706332.6748,42533137085.7781,44200780065.2261,43388475339.42,44025399637.0671,45362721557.9361
"GDP, PPP (constant 2021 international $)",NY.GDP.MKTP.PP.KD,"Gambia, The",GMB,3868512085.81848,4092885796.20548,3959867001.70167,4231909849.73992,4530259494.17394,4423720051.48552,4399142704.39283,4533019593.11356,4816601016.69387,5137662361.47514,5441212706.55878,4998817942.38871,5260834446.33585,5411966056.42096,5335798993.50162,5552329654.69098,5660231389.10106,5933202344.80689,6362463027.66407,6758338859.52741,6798313574.75296,7155630814.36372,7548689488.3493
"GDP, PPP (constant 2021 international $)",NY.GDP.MKTP.PP.KD,Georgia,GEO,23265219954.9197,24383648564.9521,25718415555.7572,28562108736.9832,30216621133.3328,33114739064.4387,36234637851.3052,40791350035.0017,41779159245.3223,40253905629.9375,42768329074.3899,46161712229.403,49198613272.7027,51723921667.1311,53839683818.7131,55643864277.2325,57563697329.2467,60533928053.9435,64203516814.5972,67658127813.2253,63402112372.6154,70150781357.7257,77838277278.2648
"GDP, PPP (constant 2021 international $)",NY.GDP.MKTP.PP.KD,Germany,DEU,4136410731596.48,4204104789680.73,4194506387554.78,4172278482067.4,4220775723171.57,4258159017100.63,4422342393741.75,4550152829213.11,4591577565999.76,4336967035088.17,4516810976550.63,4686551326779.3,4708779232266.67,4726965694896.45,4829517165011.54,4909335550077.56,5021990597107.23,5158389093082.4,5215979572661.06,5267507887953.32,5051796197610.96,5237197111069.94,5308932626330.99
"GDP, PPP (constant 2021 international $)",NY.GDP.MKTP.PP.KD,Ghana,GHA,65339500564.5476,67953080670.8158,71010969001.3317,74703539483.9173,78886937688.1248,83541270024.0622,88887838295.6953,92751631832.2215,101238219656.879,106142692099.579,114527659021.355,130615500817.727,142753324240.703,153192196788.091,157567733839.808,160909366269.164,166337588628.264,179858996355.462,191010393846.258,203440920110.743,204486487774.301,214867175690.96,223069740052.18
"GDP, PPP (constant 2021 international $)",NY.GDP.MKTP.PP.KD,Gibraltar,GIB,..,..,..,..,..,..,..,..,..,..,..,..,..,..,..,..,..,..,..,..,..,..,..
"GDP, PPP (constant 2021 international $)",NY.GDP.MKTP.PP.KD,Greece,GRC,339626870560.713,355420926512.393,372065776703.698,393633771351.64,414802869275.902,419712086545.331,446755805688.342,462422951841.485,462688722863.465,443629297436.836,418370193341.263,377048693781.039,345636262012.726,337783002014.431,340459003531.692,339681728956.945,339573726428.831,344576071835.475,351690439347.274,359699065932.321,326620307230.786,354887654707.91,375271156611.494
"GDP, PPP (constant 2021 international $)",NY.GDP.MKTP.PP.KD,Greenland,GRL,2493522080.5958,2525165750.50187,2500641913.6763,2611421493.7752,2791781482.4599,2931021354.15915,3093859958.07354,3166641094.81179,3361900386.90958,3391012841.60489,3449874892.25987,3432745594.42147,3480604705.54935,3435416686.6452,3598328806.85931,3507315627.78663,3671526535.96274,3673462465.18911,3696350539.84013,3801037750.66364,3808168831.738,3857302225.39463,..
"GDP, PPP (constant 2021 international $)",NY.GDP.MKTP.PP.KD,Grenada,GRD,1249888777.20033,1224592277.72961,1266685476.23295,1386564253.155,1377586938.51523,1560477974.89063,1498131757.61414,1589869120.91928,1604933808.52023,1498795020.31369,1491133986.71381,1502537785.04431,1485185905.27262,1520104081.63697,1631712007.63754,1736879487.64506,1801831901.67371,1881809375.89826,1963883370.15014,1977169271.687,1705177563.59537,1785107389.63748,1915790471.3413
"GDP, PPP (constant 2021 international $)",NY.GDP.MKTP.PP.KD,Guam,GUM,..,..,..,..,..,..,..,..,..,..,..,..,..,..,..,..,..,..,..,..,..,..,..
"GDP, PPP (constant 2021 international $)",NY.GDP.MKTP.PP.KD,Guatemala,GTM,102628287114.17,105022168744.892,109054271306.498,111846472515.05,115356121806.675,119135219417.723,125510618913.318,133465128866.325,137860834917.549,138518290629.009,142513401130.621,148447526449.402,152863407738.384,158511434275.468,165555646880.928,172330466747.182,176945136389.347,182394783811.141,188608743183.752,196186849980.198,192683831865.178,208162639922.746,216905795302.004
"GDP, PPP (constant 2021 international $)",NY.GDP.MKTP.PP.KD,Guinea,GIN,19877610460.8138,20604802321.2874,21668959892.6223,21939518798.7052,22452929276.4778,23125904765.2172,23401011017.864,24996368183.6193,26029472119.9759,25737254320.9579,26976081069.211,28490008891.1435,30175274472.934,31365896381.0502,32525353401.2862,33769744334.8314,37423842474.5451,41278500248.8802,43903190354.9434,46369195006.2984,48550675963.3161,51260936277.8168,53297229730.4031
"GDP, PPP (constant 2021 international $)",NY.GDP.MKTP.PP.KD,Guinea-Bissau,GNB,2370726873.02675,2484189189.06988,2574959873.06233,2567597263.20133,2597686717.86767,2768089020.93444,2841900251.21907,2914647966.12315,3046523403.59474,3121100805.57625,3296049838.86975,3562536841.86355,3501515231.86393,3615527085.70123,3650399775.29069,3874318559.58867,4079913006.11741,4275299698.04327,4436113112.29091,4682337603.17209,4752351400.41892,5046173922.34439,5278592205.91124
"GDP, PPP (constant 2021 international $)",NY.GDP.MKTP.PP.KD,Guyana,GUY,6138000899.54708,6277917959.49532,6349023350.95647,6308883213.42476,6407513272.28075,6282505405.44346,6604773389.99273,7079738247.62171,7204003476.79362,7464176672.69458,7773077265.31738,8176985914.01655,8608430725.62917,8922929785.10938,9073414500.73012,9135785568.53407,9483626608.40947,9837791842.3275,10274679607.8293,10824666771.3818,15531194183.088,18646756094.7256,30456602085.9028
"GDP, PPP (constant 2021 international $)",NY.GDP.MKTP.PP.KD,Haiti,HTI,27040286238.5188,26947606229.811,27231046577.9022,28178899327.9655,27807541798.3771,28661837694.2069,29168794121.2202,30541632149.6966,31353438599.71,33200274946.6004,31323957578.5132,32920919826.3292,33086322561.4202,34517234583.7044,35514358967.0991,36011559995.6918,36664258025.1747,37584630388.4013,38211470971.3577,37553050262.0087,36311732131.5742,35658760079.8831,35058985451.8025
"GDP, PPP (constant 2021 international $)",NY.GDP.MKTP.PP.KD,Honduras,HND,30124158654.5788,30944497716.6726,32106258710.4076,33566142510.9323,35658086204.4309,37815614090.9532,40299057568.9058,42792895096.3988,44603719292.4101,43519122818.6324,45142882367.617,46874423691.1832,48809722279.3804,50172274844.2635,51706583428.8613,53692157582.7701,55782378349.5786,58483870910.2802,60732572687.8795,62287104477.5612,56703014340.7969,63827909343.1217,66472658301.8488
"GDP, PPP (constant 2021 international $)",NY.GDP.MKTP.PP.KD,"Hong Kong SAR, China",HKG,265591175379.755,267080822908.196,271505553357.769,279803534851.502,304146502337.918,326617320333.559,349587032088.303,372187304557.186,380107138314.075,370759788477.092,395851682747.903,414910797601.395,421965480247.331,435052774840.374,447070772135.036,457745825806.25,467703772033.193,485458293941.597,499278940589.395,490929043330.198,458798878494.146,488411631115.747,470420641269.158
"GDP, PPP (constant 2021 international $)",NY.GDP.MKTP.PP.KD,Hungary,HUN,228005099434.183,237294227904.265,248545027207.47,258671372346.798,271616893370.639,283280876807.881,294459329665.801,295276079671.867,298240483290.064,278562972210.768,281561017460.865,286817304051.063,283231439476,288336748769.033,300539764925.149,311681723654.557,318541844292.138,332149875481.881,349960908888.379,366983797481.384,350517065500.968,375267848770.74,392467904145.415
"GDP, PPP (constant 2021 international $)",NY.GDP.MKTP.PP.KD,Iceland,ISL,13497155291.9352,14038863289.5359,14117413408.5378,14419905585.0112,15545004227.3632,16497048523.427,17539165938.1071,19022077880.202,19442370009.7504,17952343798.2022,17443794306.3588,17765768225.7233,17954731440.1646,18772113464.5678,19088839382.0453,19935746993.3577,21192434106.1628,22081445872.5536,23161045961.0303,23592114239.8109,21954714616.9039,23108261373.5878,25186273536.7683
"GDP, PPP (constant 2021 international $)",NY.GDP.MKTP.PP.KD,India,IND,3279034495943.53,3437214013863.84,3567964786685.36,3848420429844.88,4153328341064.72,4482414430651.38,4843729870659.97,5214799058396.79,5375764159724.54,5798400761878.85,6291124777993.23,6620862520105.21,6982122438465.14,7428008206430.01,7978440521051.13,8616416873256.67,9327814573620.6,9961675338509.53,10604587056326.2,11015136957033.9,10378712667572,11384367630967.9,12179797874332.3
"GDP, PPP (constant 2021 international $)",NY.GDP.MKTP.PP.KD,Indonesia,IDN,1308649633293.18,1356329843593.82,1417357571125.18,1485112494798.99,1559826632354.02,1648620875616.96,1739310715105.45,1849670366569.78,1960904059994.01,2051671782944.75,2179364842980.24,2313826950890.82,2453351888053.6,2589691121689.59,2719348369403.8,2851952560361.74,2995493305785.44,3147358403078.01,3310211902647.8,3476360960874.61,3404556313997.13,3530623140454.75,3718008116107.65
"GDP, PPP (constant 2021 international $)",NY.GDP.MKTP.PP.KD,"Iran, Islamic Rep.",IRN,724514188449.189,741845819158.412,801778276403.382,871046294173.392,908820662510.944,937810261095.509,984698854165.332,1065008662549.68,1067680306564.49,1078435962762.6,1140963014444.4,1171149677379.15,1127264691633.12,1110107957441.81,1165444342122.21,1148838101214.51,1250109175218.83,1284593502395.33,1260982576565.63,1222262997077.03,1262967880610.57,1322577157396.53,1372526021632.22
"GDP, PPP (constant 2021 international $)",NY.GDP.MKTP.PP.KD,Iraq,IRQ,310238369622.053,315719067854.304,289818407492.744,183580310188.303,281585663496.714,286302867166.11,302445479298.28,308157281224.747,333512792372.178,344783187144.612,366858154275.21,394542999234.003,449528208827.683,483819505901.543,494771670848.058,507669212665.884,577663460717.272,567151427862.213,582089351365.752,614184539161.794,540256416973.078,548372044650.918,590266634644.546
"GDP, PPP (constant 2021 international $)",NY.GDP.MKTP.PP.KD,Ireland,IRL,203475205027.485,214271236253.58,226911881806.505,233750640020.425,249617957537.569,263945485013.016,277110702251.936,291825604328.971,278739940585.431,264535961719.581,268988028812.616,273423033225.216,272332184788.91,278302184886,304284570734.628,379185952171.885,383822026026.699,422394713895.017,454261615310.887,477158900469.795,511313451826.493,594430589023.023,645667554757.532
"GDP, PPP (constant 2021 international $)",NY.GDP.MKTP.PP.KD,Isle of Man,IMN,..,..,..,..,..,..,..,..,..,..,..,..,..,..,..,..,..,..,..,..,..,..,..
"GDP, PPP (constant 2021 international $)",NY.GDP.MKTP.PP.KD,Israel,ISR,208631450325.993,208985342570.527,208731487599.92,211789524308.976,221699827284.815,231045654195.479,243940384191.157,258632573191.576,267131180633.55,270091602534.276,285306185438.238,301177262915.997,308829588646.038,321894932216.178,334401594040.186,342138010817.611,357080148195.756,372339689048.74,387510580338.776,402178403947.02,396288076349.743,433316868612.136,461354079793.582
"GDP, PPP (constant 2021 international $)",NY.GDP.MKTP.PP.KD,Italy,ITA,2904041454079.3,2962309108807.32,2970305258537.98,2972282111146.77,3016094193633.27,3039089219079.12,3093777018877.78,3139017073493.23,3106900582018.51,2942074720505.45,2987062154440.45,3007836070371.1,2913834010596.68,2860859778046.85,2860820079618.95,2886157437246.88,2921836724675.31,2968694218665.27,2993234831378.69,3006080673840.74,2739494789919.54,2984160769902.3,3123275262123.49
"GDP, PPP (constant 2021 international $)",NY.GDP.MKTP.PP.KD,Jamaica,JAM,24821892263.4283,25155729230.8152,25658162332.6574,26598872052.2463,26950967997.8598,27191855193.5419,27980181160.4813,28380844494.0711,28150466762.6117,26927244007.3553,26534874422.7136,26994027592.327,26828382510.4083,26967269294.1258,27153295546.89,27403509669.4711,27780369054.9159,28057373521.5643,28587636468.0741,28842721562.3038,25981430580.2875,27176946493.566,28595996148.6377
"GDP, PPP (constant 2021 international $)",NY.GDP.MKTP.PP.KD,Japan,JPN,4974792351105.4,4994000194816.65,4996095802114.07,5072792142740.79,5183689247918.63,5277197863477.79,5349619495092.01,5429006212038.04,5362539486135.2,5057237438354.33,5264478877562.27,5265732324912.24,5338123032664.63,5445157747028.93,5461286604529.39,5546516901265.65,5588328029133.45,5681951062992.72,5718508226089.43,5695510147252.54,5459310569514.2,5599031809810.88,5652487834657.27
"GDP, PPP (constant 2021 international $)",NY.GDP.MKTP.PP.KD,Jordan,JOR,43563804884.1744,45859598919.6853,48512030037.1975,50530939451.7428,54860033293.2554,59329257918.7265,64130760094.7807,69374200031.6691,74383285316.9958,78120085913.8907,79928436395.8114,82116221480.2884,84111118476.9406,86306374406.1217,89227049520.7291,91454628503.294,93278399190.7063,95585731951.6258,97420089930.8849,99126150272.364,98033034783.6004,101616771489.093,104307010646.479
"GDP, PPP (constant 2021 international $)",NY.GDP.MKTP.PP.KD,Kazakhstan,KAZ,200520165967.172,227590388369.604,249894246428.934,273134411347.668,299355314840.782,328392780378.023,363530807878.472,395885049779.634,408949256423.197,413856647497.939,444068182778.938,476929228310.983,499821831247.413,529811141105.818,552063209062.287,558687967573.976,564833535212.271,587991710170.511,612099370246.921,639643841913.657,623652745889.61,650469813945.991,671284847990.359
"GDP, PPP (constant 2021 international $)",NY.GDP.MKTP.PP.KD,Kenya,KEN,115114190550.448,119465399319.131,120118707240.57,123641158956.222,129952174356.235,137628015358.898,146535980808.419,156574764869.405,156938461030.929,162128321485.866,175193389475.644,184165228865.401,192579148133.479,199893012215.302,209927863314.401,220356494132.985,229641252624.049,238454787849.2,251922586472.068,264806307742.621,264084005302.165,284129273925.386,297937902775.433
"GDP, PPP (constant 2021 international $)",NY.GDP.MKTP.PP.KD,Kiribati,KIR,219885544.366875,212972078.063924,216054117.119641,212650304.655113,211355330.787819,214086933.786207,226454553.193097,233372961.35574,226407389.661006,227622714.543536,230413284.486192,237933386.347224,251742185.923138,271204154.95886,274631281.126169,305569423.482881,327228274.669437,339496488.147301,351309060.680682,362776699.380903,360737834.655966,391482298.18601,406771063.10865
"GDP, PPP (constant 2021 international $)",NY.GDP.MKTP.PP.KD,"Korea, Dem. People's Rep.",PRK,..,..,..,..,..,..,..,..,..,..,..,..,..,..,..,..,..,..,..,..,..,..,..
"GDP, PPP (constant 2021 international $)",NY.GDP.MKTP.PP.KD,"Korea, Rep.",KOR,1184127626613.68,1241586230493.65,1337500538238.29,1379595574894.41,1451298556151.67,1513828374352.76,1593521244061.43,1685938280114.59,1736735345459.39,1750502428993.45,1869621054468.93,1938529075321.33,1985102837153.81,2047925558084.06,2113509427828.96,2172880090240.7,2236912296310.75,2307590576700.3,2374681552210.47,2427968880490.2,2410744496330.6,2514520654062.95,2580216835950.54
"GDP, PPP (constant 2021 international $)",NY.GDP.MKTP.PP.KD,Kosovo,XKX,..,..,..,..,..,..,..,..,12783215864.1531,13426832137.1099,14090111060.1128,14980579340.1627,15237076214.2456,16050857846.4579,16588369741.9438,17569776062.0314,18548724460.525,19443822031.0101,20106201546.9493,21062613456.7557,19937811875.2436,22080260569.6251,23024964288.081
"GDP, PPP (constant 2021 international $)",NY.GDP.MKTP.PP.KD,Kuwait,KWT,117831251017.24,118082623460.957,121641968085.288,142717680312.012,157332396158.332,174023860841.211,187101358949.682,198311678152.498,203229325759.839,188848703985.272,184372050866.906,202124455678.575,215516969531.086,217994260474.41,219086227189.086,220384908472.597,226833533761.883,216144635033.267,222074196813.709,227101550024.009,216161094987.978,221048078205.313,233999746816.458
"GDP, PPP (constant 2021 international $)",NY.GDP.MKTP.PP.KD,Kyrgyz Republic,KGZ,17822509597.691,18770956084.5805,18767704089.0757,20087128712.9416,21498613569.1635,21460880190.6936,22126789572.1528,24017053497.0464,26034874118.0585,26786317277.4343,26660001952.6433,28247944796.511,28223044176.7211,31303721942.4826,32563395806.3365,33825496186.795,35292120966.3226,36964945345.0664,38354054772.7972,40118581257.2035,37250512878.8033,39301901464.0311,42826301521.6796
"GDP, PPP (constant 2021 international $)",NY.GDP.MKTP.PP.KD,Lao PDR,LAO,15745190141.8483,16650761035.6206,17636276902.7053,18706270228.634,19895557925.4518,21309648307.2208,23146383622.8786,24904774760.2269,26853549168.651,28868041983.2359,31329592647.869,33848069786.9643,36564749186.2825,39499545733.2195,42506236713.3166,45596468110.0697,48798633403.5084,52162094276.3004,55421161065.7887,58445901221.9388,58739902707.842,60225053628.2101,61855602705.6979
"GDP, PPP (constant 2021 international $)",NY.GDP.MKTP.PP.KD,Latvia,LVA,33236161492.4427,35383408183.3249,38095719534.1111,41306859112.5973,44910941052.4722,50127489030.0333,56556348567.3593,62446430552.5521,60330298712.0684,50653307387.0883,48798758570.7799,50280457677.5527,53953566012.912,55084481930.2969,56238479570.3269,58366186685.7771,59855508414.6929,61889966845.5272,64557245485.0398,64993249147.5252,62738484400.3599,67097073194.0489,68313330032.2851
"GDP, PPP (constant 2021 international $)",NY.GDP.MKTP.PP.KD,Lebanon,LBN,50097964832.271,52021560996.3529,53802336972.3502,55538591257.3537,59248260701.1235,60839538228.666,61782255999.9562,67534568644.4133,73659365299.9419,81196306155.0343,87671821639.3519,88432234310.6836,90700336595.223,94172230742.894,96511525556.7738,96957718406.6759,98464974044.7293,99354140787.4961,97481607576.9354,90740827788.8486,71322381662.8598,66328931529.5091,65916578510.7246
"GDP, PPP (constant 2021 international $)",NY.GDP.MKTP.PP.KD,Lesotho,LSO,3871876398.45713,4009776444.89645,4038800653.01738,4222960962.8869,4294429263.58341,4443279430.83502,4631234382.0078,4825186499.67611,5091701799.9031,5027864191.47438,5292816081.65889,5537154381.35101,5887882377.05508,5993424173.35662,6095944684.88747,6286386067.74237,6513255914.50827,6308858549.7947,6215447498.18469,6127312836.10058,5627571725.69364,5755132494.46552,5892552408.75934
"GDP, PPP (constant 2021 international $)",NY.GDP.MKTP.PP.KD,Liberia,LBR,5470248902.23688,5629995200.54977,5841852911.78275,4080818597.75469,4187729797.06933,4408892704.61405,4763540064.53089,5217756726.7023,5590601506.20888,5886933603.40207,6246026265.20687,6758248402.48728,7298490239.55171,7932531092.9132,7988169318.67705,7986686317.47471,7862496650.32942,8055533202.30941,8148782050.60971,7947727343.76708,7710687069.05964,8095196890.78495,8484422471.24775
"GDP, PPP (constant 2021 international $)",NY.GDP.MKTP.PP.KD,Libya,LBY,94123526021.8574,92464279918.7403,91577642404.7609,103497422450.823,108115103811.247,120949184548.853,128811517035.241,136836452372.431,136614711311.325,130603415698.489,137169172874.237,68120248021.5859,127266844407.705,104361406654.041,80313610359.1497,79636842700.156,78449504267.8499,103939162010.668,112193353209.168,99632092392.0287,70285163941.3602,90199384483.2022,82756464976.3415
"GDP, PPP (constant 2021 international $)",NY.GDP.MKTP.PP.KD,Liechtenstein,LIE,..,..,..,..,..,..,..,..,..,..,..,..,..,..,..,..,..,..,..,..,..,..,..
"GDP, PPP (constant 2021 international $)",NY.GDP.MKTP.PP.KD,Lithuania,LTU,55887015719.4516,59510799991.8387,63509829248.78,70211321229.5268,74776487334.4204,80557790112.4408,86515425228.4761,96099545039.7346,98597613785.9617,83967097533.4947,84325804162.7765,89658262251.0122,93587899244.6752,97375321369.926,101048845599.217,103911365964.727,106687794740.951,111608495241.518,117097813759.631,122574890175.863,122627369410.608,130451016133.858,133761243292.582
"GDP, PPP (constant 2021 international $)",NY.GDP.MKTP.PP.KD,Luxembourg,LUX,50431220160.2893,51981654898.4945,53658279980.3451,55063793472.2203,57394033361.6715,58819055322.933,62358030273.3027,67408199871.1639,67205856502.0483,65029089706.6084,67474452435.0478,68179087260.9867,69303975405.5957,71502152313.0506,73377715271.3501,75043231267.4365,78779026229.8699,79816693844.3515,80789916287.0685,83145627376.6557,82389143682.3115,88295128695.0881,89513765603.6297
"GDP, PPP (constant 2021 international $)",NY.GDP.MKTP.PP.KD,"Macao SAR, China",MAC,24086084587.6594,24781882829.1859,26989987547.5085,30131878939.8379,38156065681.1085,41237400220.3895,46759377793.699,53528422827.4525,55343917281.8444,56049000907.505,70130084090.6796,85289886682.8236,93172572244.1378,103191299868.647,101077461984.903,79331294199.0349,78792540063.0807,86561580596.8406,92106166061.9549,89745054361.5966,40981042875.8178,50626336573.1949,40698847940.6121
"GDP, PPP (constant 2021 international $)",NY.GDP.MKTP.PP.KD,Madagascar,MDG,28199755602.4776,29886167474.0208,26177900449.2985,28739379768.7847,30250210004.1952,31688863132.9042,33399589086.3793,35306894063.3093,37676916122.7591,36177861416.3771,36401889113.0216,36976466378.8269,38089882549.6347,38966093153.0824,40267250148.2569,41528540449.4672,43186835727.0291,44885506816.5598,46319309928.9423,48362562210.5033,44910601332.5875,47488297274.9472,49387829165.3262
"GDP, PPP (constant 2021 international $)",NY.GDP.MKTP.PP.KD,Malawi,MWI,14024885139.8778,13327152206.8414,13553713798.2879,14327039833.8245,15103636676.8431,15597333179.0836,16330407801.8907,17898126930.6661,19265496648.5876,20869948373.0429,22304562367.9049,23404772824.1141,23849463507.9411,25139802956.7234,26553984750.4548,27297496323.8008,27979933731.6285,29099131081.0006,30365980584.4615,32101950612.2946,32356710546.2459,33831623933.4187,34143252119.5588
"GDP, PPP (constant 2021 international $)",NY.GDP.MKTP.PP.KD,Malaysia,MYS,425660459259.482,427863998400.631,450930096523.964,477032181941.105,509391362925.102,536552819272.496,566518473663.355,602202259558.637,631299287007.657,621744391014.975,667907963161.822,703266428543.889,741759394361.74,776575522140.495,823222254452.927,865136882439.813,903633582498.53,956159294251.201,1002466920504.23,1046707664542.57,989590433102.722,1022398815013.98,1113001976860.61
"GDP, PPP (constant 2021 international $)",NY.GDP.MKTP.PP.KD,Maldives,MDV,3857697941.28984,3705564442.49291,3974899184.84543,4521449796.64994,4784433907.49945,4247468937.63905,5250117887.23018,5624106236.97254,6129140677.72728,5629139894.09722,6013918139.16074,6529473247.04311,6683813506.9326,7149223925.83951,7706941662.2555,8013039474.49744,8539675344.84127,9142110073.69631,9934548745.54932,10659605467.7651,7151654156.25662,9834087308.92595,11193757023.577
"GDP, PPP (constant 2021 international $)",NY.GDP.MKTP.PP.KD,Mali,MLI,20160739948.0275,23260703598.9242,23983252754.304,26170295644.8138,26578551906.3309,28315401474.9585,29635518406.859,30670869860.4036,32134834976.5772,33679338705.5133,35469036966.7056,36608704575.0806,36302386865.7461,37135551435.0793,39766487861.5594,42220795969.0424,44691683273.5249,47062780902.9727,49296608422.4983,51641234391.8185,51003232530.6487,52560164127.7227,54386604450.4188
"GDP, PPP (constant 2021 international $)",NY.GDP.MKTP.PP.KD,Malta,MLT,12412048633.812,12318130059.3095,12655784803.0897,13123322564.5627,13176755451.5882,13556334460.5731,13873027071.751,14571764825.1612,15214398047.1946,15002105076.8203,15931837311.0637,16089875349.9968,16749977015.8654,17803837956.8911,19162471865.066,21006111978.5492,21862682259.7885,24698735494.218,26474351432.2956,27555750861.2498,26598274627.9739,30178483569.7853,31430251703.9092
"GDP, PPP (constant 2021 international $)",NY.GDP.MKTP.PP.KD,Marshall Islands,MHL,191273974.477889,204529345.953496,211965603.768536,208655389.704123,207803334.003862,211525184.76214,211897369.837968,219713256.430352,203088989.710043,210532691.226599,222194490.269204,221077935.04172,218224516.12704,226536649.487195,223683230.572515,227901328.098563,233608165.927923,241920299.288078,255194900.325936,281868164.093596,274052277.501212,277401943.183662,274300400.885097
"GDP, PPP (constant 2021 international $)",NY.GDP.MKTP.PP.KD,Mauritania,MRT,13089701686.8472,12985050329.4907,13164436717.0493,14076504380.9269,14742711250.5554,16005614255.0498,18939955318.5008,18566947529.6403,18505476223.9444,18523588628.0001,19008949158.1785,19802151410.0038,20687310190.2723,21546001790.2847,22467055292.4798,23674960402.4649,23973480163.5376,25476748185.7312,26692542851.2921,27530956928.3359,27431664499.2464,27635403694.625,29513507139.621
"GDP, PPP (constant 2021 international $)",NY.GDP.MKTP.PP.KD,Mauritius,MUS,15811546006.2431,16340843948.4201,16604735286.3198,17588639824.3827,18350231420.9402,18676414678.7802,19585123966.1056,20706767180.5646,21822232972.2558,22545656797.9489,23532526014.0551,24492073720.1938,25348345607.4235,26200152959.3989,27202824905.9734,28206760638.5407,29296237816.3375,30449918917.4069,31669968172.8073,32585637210.0229,27845555062.1668,28793361692.7371,31350179155.4119
"GDP, PPP (constant 2021 international $)",NY.GDP.MKTP.PP.KD,Mexico,MEX,2043114468732.81,2033903184132.76,2029091213228.38,2053146999955.49,2126350745076.58,2171285791082.69,2275616367064.22,2322900578840.47,2344813240147.34,2197201371567.48,2306431603215.18,2385866146860.58,2470640999508.48,2491693369992.73,2554079479194.45,2623098967266.78,2669593219099.54,2719560757103.72,2773192728060.95,2762302663072.74,2531538944018.04,2684658657897.66,2783698698268.24
"GDP, PPP (constant 2021 international $)",NY.GDP.MKTP.PP.KD,"Micronesia, Fed. Sts.",FSM,404641257.23049,413412270.997508,415673626.497691,422208494.211198,409203826.410055,417559224.975171,417220771.12018,409559824.677257,399695606.661959,404064676.304901,413194073.016509,426369074.916793,418409532.798078,403013033.57681,393720456.798226,411917759.611653,413911860.910285,417318542.893086,417318542.893086,434351952.80709,425835247.850088,437758634.78989,434351952.80709
"GDP, PPP (constant 2021 international $)",NY.GDP.MKTP.PP.KD,Moldova,MDA,16749805343.5638,17771543536.4017,19157723871.4159,20422133638.8404,21933371473.7063,23578374366.9967,24710136298.1111,25451440442.8635,27436652834.4172,25790453592.0488,27621575824.6951,29228644998.5535,29056273754.48,31684084103.3587,33268169763.8176,33155644962.7601,34696060989.7407,36144833893.6724,37617951104.982,38954258880.7035,35730412861.1096,40707659297.2633,38665973842.6322
"GDP, PPP (constant 2021 international $)",NY.GDP.MKTP.PP.KD,Monaco,MCO,..,..,..,..,..,..,..,..,..,..,..,..,..,..,..,..,..,..,..,..,..,..,..
"GDP, PPP (constant 2021 international $)",NY.GDP.MKTP.PP.KD,Mongolia,MNG,13895704125.9689,14306004046.7735,14983104137.6382,16032615830.299,17736146348.2644,19022667065.9545,20650291128.5059,22766536341.5375,24792841843.2819,24478320115.4333,26036404766.9935,30538301606.8939,34300565349.9306,38296209459.5173,41315951926.4775,42299203744.5578,42929370719.9824,45349246281.1623,48861491267.8209,51598831338.4922,49247084583.6546,50053145881.8599,52572175378.1041
"GDP, PPP (constant 2021 international $)",NY.GDP.MKTP.PP.KD,Montenegro,MNE,8891186523.54065,8988975234.6489,9160119636.09124,9387534191.60439,9803031216.04286,10212857181.0652,11087733219.9655,11842824497.7346,12698202411.1256,11962329264.8083,12289418952.0676,12686176823.6528,12340631910.0985,12778598457.6574,13006530137.0269,13447501115.2036,13844105619.2572,14497058053.5235,15233202542.3965,15852119182.1641,13425652140.7108,15176822278.3031,16149152765.743
"GDP, PPP (constant 2021 international $)",NY.GDP.MKTP.PP.KD,Morocco,MAR,146349746258.498,157650617839.043,163531297047.122,173622980434.355,181559946924.094,187355793839.854,201952346516.979,208901663617.481,220776760915.46,229046549271.15,237062164034.805,250159007579.871,257819736151.026,268447614492.459,275747360357.991,287727433233.845,289227026912.904,303855835390.371,313170965464.504,322224659036.024,299094704579.634,323485096796.555,328425372774.826
"GDP, PPP (constant 2021 international $)",NY.GDP.MKTP.PP.KD,Mozambique,MOZ,12907884958.8431,14566765289.3609,15975153770.2032,17128192582.1715,18533510246.4443,19703349820.5116,21656085291.2839,23312635904.3205,24916085861.7049,26393353584.6986,28156358172.2946,30165049214.0964,32576595027.0564,34717337919.7215,37391464636.448,40155850652.3135,42041967039.1484,43151121313.3742,44654908558.8374,45689926257.9767,45132727326.9761,46205728911.2947,48222355191.1601
"GDP, PPP (constant 2021 international $)",NY.GDP.MKTP.PP.KD,Myanmar,MMR,61592390964.0247,68579429990.3023,76826458556.7683,87462311090.3562,99326277631.595,112803810601.787,127554151235.72,142849724677.356,157499400196.051,174115601243.185,190890663421.522,201564281228.436,216344325709.865,234573500811.746,253737938743.438,271481427555.543,287396952715.713,305031940823.166,324153972904.228,345480419570.271,314220151769.163,276462287916.21,287624434643.666
"GDP, PPP (constant 2021 international $)",NY.GDP.MKTP.PP.KD,Namibia,NAM,14291633570.4646,14459981681.5562,15152421216.5895,15794852707.0093,17732809757.8007,18181319093.2527,19467315667.9268,20513497807.0674,21057066941.3334,21119389734.8215,22394842369.4677,23535039520.1135,24726308395.5825,26114621285.0003,27705659590.2928,28887077272.0263,28896839500.9711,28599997269.5411,28903139937.2016,28660598613.1225,26338688299.7304,27287889637.5942,28747700069.2523
"GDP, PPP (constant 2021 international $)",NY.GDP.MKTP.PP.KD,Nauru,NRU,91198071.8863471,85032063.3189774,76553287.6257332,76771186.7847279,73458581.9358325,73197327.315975,79293757.6243044,61702195.666839,74277663.1482088,70079539.5419044,69967428.4591351,80038983.2962404,100272294.410414,103929967.420312,120998734.798848,124263301.56465,129685208.313688,121889532.183435,120403550.06313,130621882.204322,133210572.12898,142810518.114461,147127160.639497
"GDP, PPP (constant 2021 international $)",NY.GDP.MKTP.PP.KD,Nepal,NPL,57458851963.8193,60216814884.4324,60289161279.1453,62667591457.103,65602066132.3285,67884480784.4944,70168532058.6778,72562373827.3123,76992044903.5975,80482154910.7944,84358509208.0955,87245096016.3483,91319565822.4515,94538720393.0513,100221899349.003,104206775456.958,104658109297.987,114053560138.83,122747151452.59,130918497364.891,127816225643.885,134000165871.651,141546136721.087
"GDP, PPP (constant 2021 international $)",NY.GDP.MKTP.PP.KD,Netherlands,NLD,901851319790.218,922806517352.984,925074645282.915,925979666603.094,944650287370.763,963864127043.504,997959617814.06,1036733407796.08,1058679145018.12,1019875479471.86,1033330903023.56,1051655427060.36,1041371530430.35,1041056698285.86,1057844883483.58,1080277597346.85,1106466613365.77,1137243492284.32,1162930870448.27,1189679345652.34,1143663103033.57,1215448900158.82,1276309277916.82
"GDP, PPP (constant 2021 international $)",NY.GDP.MKTP.PP.KD,New Caledonia,NCL,..,..,..,..,..,..,..,..,..,..,..,..,..,..,..,..,..,..,..,..,..,..,..
"GDP, PPP (constant 2021 international $)",NY.GDP.MKTP.PP.KD,New Zealand,NZL,139117706875.414,143863666781.207,150645174405.333,157769136110.821,164219148040.706,169725812571.261,174443462630.96,179763832134.732,177535596317.766,177443362275.046,180006746853.705,184041314061.551,188254871791.745,193451044339.25,200713814455.58,208208540088.527,216012844641.47,223351411219.837,231167587222.956,236627678200.625,235622231915.545,246334202069.855,253169588566.537
"GDP, PPP (constant 2021 international $)",NY.GDP.MKTP.PP.KD,Nicaragua,NIC,24300691966.6206,25020197422.8784,25208834418.1214,25844281799.8747,27217174131.5482,28382721944.1284,29561513034.9478,31062001486.6788,32128910467.0293,31071454165.9172,32441595146.0455,34491085257.7517,36731618991.9594,38541060801.9546,40385825781.7352,42320888723.7139,44251971590.2237,46301959211.3635,44744505929.4856,43448245100.2465,42685314383.8243,47088770380.5984,48855675134.021
"GDP, PPP (constant 2021 international $)",NY.GDP.MKTP.PP.KD,Niger,NER,13702982730.2292,14698934000.6781,15421896744.4792,15756646036.5848,15813968963.6196,16973428426.8393,17980130949.052,18545196854.6987,19979002842.8915,20371110933.8849,22118578797.1182,22640081122.8604,25028370732.5504,26358661332.5341,28109439638.6581,29344188610.6478,31028807124.6903,32581910868.9213,34931528663.0687,37006409966.5338,38320374766.3561,38850574077.5224,43473792392.7583
"GDP, PPP (constant 2021 international $)",NY.GDP.MKTP.PP.KD,Nigeria,NGA,415887588481.34,440498504462.844,508023206248.535,545348661694.273,595796457196.355,634156910550.59,672583192155.543,716914027134.587,765409481340.348,826924868071.553,893125627695.567,940532059050.279,980317140517.95,1045717384877.57,1111699209792.44,1141189180195.95,1122737646691.27,1131785639153.58,1153547130626.18,1179022403184.64,1157867757369.25,1200097354375.41,1239120696928.78
"GDP, PPP (constant 2021 international $)",NY.GDP.MKTP.PP.KD,North Macedonia,MKD,24541734969.6698,23788976978.0412,24144304713.3112,24680936430.0187,25834545507.8441,27054992337.8976,28444814101.7468,30286185404.2704,31943445890.6172,31828891947.8222,32897945129.1282,33667719556.3634,33514133067.9759,34494507814.2392,35746356107.9379,37124687392.0733,38182074666.4944,38595117941.0899,39706887638.5836,41259593530.894,39325158114.0477,41098989955.6584,42232863476.7236
"GDP, PPP (constant 2021 international $)",NY.GDP.MKTP.PP.KD,Northern Mariana Islands,MNP,..,..,..,..,..,..,..,..,..,..,..,..,..,..,..,..,..,..,..,..,..,..,..
"GDP, PPP (constant 2021 international $)",NY.GDP.MKTP.PP.KD,Norway,NOR,349322640593.788,356543595303.086,361455186563.459,364870610565.983,379518662375.674,389709204854.067,399301792231.118,410937606121.834,412917994748.006,404905879758.403,408092698957.561,412604800480.708,423819230890.593,428126043025.644,436894629506.982,445009247023.467,450192377571.42,461283975549.646,465107561486.537,470334337354.535,464322656561.548,482471574840.693,496972910134.792
"GDP, PPP (constant 2021 international $)",NY.GDP.MKTP.PP.KD,Oman,OMN,96045863748.2369,100476619353.446,99688716081.1158,97500882042.6817,99443601849.5056,102207580679.766,106980485428.893,112308813972.947,122360519029.637,129680084836.669,132885774673.996,136732299244.687,148851050089.595,156632542510.424,158656630134.339,166616525284.567,175024701514.049,175556877361.236,177816476803.564,175809572445.37,169867700237.038,174253981507.44,190942470253.831
"GDP, PPP (constant 2021 international $)",NY.GDP.MKTP.PP.KD,Pakistan,PAK,546988613138.786,566961082799.092,581672683569.946,613090633473.714,661103327854.397,709209003607.717,752127762869.498,785558445527.773,802215749225.919,830073097004.25,842538450143.46,865119465149.014,891311682885.811,930234061250.392,968526478209.654,1009378364242.3,1075733265592.48,1123416497011.63,1192525738990.65,1222310702240.68,1206737395064.25,1285342890384.16,1346757947320.27
"GDP, PPP (constant 2021 international $)",NY.GDP.MKTP.PP.KD,Palau,PLW,296109889.993433,315358221.281692,331177131.614959,320502288.369907,333127020.402906,344499870.299612,344073653.848603,350108760.401426,330873941.410076,306850493.083434,304101448.449845,319666198.912719,323673045.355535,313845487.47082,328815917.223178,355778822.435479,354213395.616763,342666038.919657,343042971.562469,343729057.505593,323107287.554329,278538230.273198,274865845.668777
"GDP, PPP (constant 2021 international $)",NY.GDP.MKTP.PP.KD,Panama,PAN,43870032876.1806,44286757893.8727,45397843441.2562,47711708102.9115,51612451959.8343,55883993112.8985,61392611712.2845,69467622068.2431,76551536001.0809,77785442697.077,82509658741.9483,92335632700.2548,101225055032.51,107626885734.7,112605505019.799,118536343727.279,123955786339.583,131075880415.449,136211693037.233,140438434341.262,115410577991.74,134415382039.559,148891469563.936
"GDP, PPP (constant 2021 international $)",NY.GDP.MKTP.PP.KD,Papua New Guinea,PNG,18420696761.327,18398354555.0898,18369119471.6234,18766646045.7447,19277319465.3375,20500426044.8566,21609487632.3151,23298309982.1166,23229240314.217,24808926562.9341,27321687295.6228,27624286901.8347,28910782980.6335,30016604912.6493,34081985030.4268,36324019447.6944,38318053067.3063,39672447116.0804,39561660901.0092,41334226882.2247,40024993336.1084,39820324154.1632,42093102651.4103
"GDP, PPP (constant 2021 international $)",NY.GDP.MKTP.PP.KD,Paraguay,PRY,51001502336.2935,50576121900.4462,50565296387.5397,52750094148.4421,54890386155.2572,56061467419.6403,58756407858.4406,61941958705.7666,65965889287.9627,65793627727.2318,73093582883.5383,76226645174.4397,75686927663.5318,81963702467.1489,86308793894.073,88861075890.0578,92653689564.6568,97110405095.2844,100222065581.47,99819318098.9236,99001013911.7809,102977624582.579,103158904710.376
"GDP, PPP (constant 2021 international $)",NY.GDP.MKTP.PP.KD,Peru,PER,204021437181.524,205282069984.498,216477187076.013,225493512003.322,236673938545.057,251549038356.395,270487911500.55,293529120670.695,320318256353.393,323828379591.387,350811246899.306,373007749457.116,395909398404.353,419080068044.432,429063214779.12,443017400751.14,460531290566.662,472131315936.481,490871866658.61,501870497646.821,446999457900.808,506697261408.824,520507296361.131
"GDP, PPP (constant 2021 international $)",NY.GDP.MKTP.PP.KD,Philippines,PHL,377459330110.852,388968938941.494,403424016589.514,423945837811.198,451795808663.307,474125839632.91,499332345525.613,531885276934.827,554992965268.913,563031056381.58,604326569015.637,627642895066.805,670931122437.425,716222537885.49,761688254921.529,810042584409.764,867956228661.943,928114173538.502,986970399935.754,1047358437124.12,947667774087.591,1001824458376.1,1077772591518.08
"GDP, PPP (constant 2021 international $)",NY.GDP.MKTP.PP.KD,Poland,POL,722692576084.64,731608757034.696,745518061604.729,771785430071.96,811075447738.613,837523180432.12,889467265148.102,949599235775.833,991227488772.314,1017149362252.05,1049382087931.35,1104531970738.23,1121230082682.34,1128901994206.53,1173160694244.78,1225152442780.32,1262288990122.21,1327327896809.84,1410230918709.19,1474825956077.2,1444804858707.04,1544889130357.82,1626080113897.62
"GDP, PPP (constant 2021 international $)",NY.GDP.MKTP.PP.KD,Portugal,PRT,362773213556.996,369824335489.929,372675403301.888,369207580090.798,375811727733.688,378750003299.768,384904822045.332,394552768237.007,395812366753.914,383454795443.735,390117799955.878,383433024158.742,367900525742.198,364279991805.271,366980732593.558,372814986001.065,380286724338.629,392892167422.74,404467880266.176,415573293036.565,381477033392.672,402682416685.112,430813173827.975
"GDP, PPP (constant 2021 international $)",NY.GDP.MKTP.PP.KD,Puerto Rico,PRI,142130022299.137,151103360827.666,152488161756.818,152569620635.003,165917443832.401,162620765875.556,160328765994.673,158464452377.222,155542155137.207,152505310994.331,151875076515.739,151330588224.709,151374890421.617,150910431905.648,149114049276.191,147549410420.248,145684836860.538,141481511164.76,135310898292.068,137577983403.616,131826020840.194,132333844622.722,137055662093.228
"GDP, PPP (constant 2021 international $)",NY.GDP.MKTP.PP.KD,Qatar,QAT,60104630484.4135,62447621173.4051,66932704046.7652,69422572978.4017,82764838505.8242,88966207963.7374,112248883151.4,132437582054.834,155830769006.366,174462770160.26,208644094493.085,236550610202.237,247739482080.929,261503988394.267,275453456556.599,288546711656.509,297388336577.507,292934634864.894,296552003240.609,298592995593.372,287970239241.125,292655073646.281,304902716905.281
"GDP, PPP (constant 2021 international $)",NY.GDP.MKTP.PP.KD,Romania,ROU,336333882206.896,353884404755.182,374066402810.571,382823848409.387,422745151981.749,442479521554.043,478005366389.568,512583355598.414,560291883143.585,529382226321.019,508705554059.811,531574865496.487,541694014833.68,543204105408.976,565562392323.083,583417400958.767,600102744953.75,649284034992.58,689026256322.049,716058574350.825,689747829734.841,727999241522.918,756866651234.461
"GDP, PPP (constant 2021 international $)",NY.GDP.MKTP.PP.KD,Russian Federation,RUS,2977274996668.97,3129117546629.81,3276185818148.97,3515345821616.73,3768448888207.49,4009628314978.11,4338420573560.6,4707185357846.14,4951957549655.98,4565705162222.7,4771161894486.5,4976323248445.34,5176574783436.95,5267445523731.65,5306227998547.25,5201551018654.91,5211625906529.59,5306779254504.82,5455753571577.36,5575675165814.43,5427716010814.12,5732443748434.11,5613798699492.73
"GDP, PPP (constant 2021 international $)",NY.GDP.MKTP.PP.KD,Rwanda,RWA,8343660713.27827,9051583641.19482,10245675219.4083,10471324690.8987,11251194123.1452,12306319763.1387,13441833211.9345,14467888423.3723,16082685232.9712,17087572820.2396,18340887582.2593,19800526706.8051,21511590837.5726,22526905350.0572,23916177031.8245,26034398295.9646,27588845896.7094,28669824038.2906,31111480206.2417,34050701578.4323,32901937327.9795,36474419075.9597,39449904828.4124
"GDP, PPP (constant 2021 international $)",NY.GDP.MKTP.PP.KD,Samoa,WSM,842763035.362161,905044311.359977,956197046.57004,1006040050.41237,1037099124.86678,1105954247.43541,1129534598.17587,1135023939.21941,1175386578.57245,1169019772.74135,1240618959.66172,1288371350.43944,1240287654.06685,1241618399.32878,1249812134.26353,1297934423.46107,1401559728.08268,1421269615.86017,1412604886.81586,1475492063.42995,1429627218.75839,1328426324.82859,1257936159.64539
"GDP, PPP (constant 2021 international $)",NY.GDP.MKTP.PP.KD,San Marino,SMR,2067527199.28815,2182860956.09831,2189645294.73421,2274449527.68286,2377910691.88021,2435577570.2853,2528862226.52882,2708647200.37996,2695078523.10817,2416920639.03659,2284626035.6367,2094664553.83172,1947105188.50106,1931840426.5703,1918271749.29852,1962229053.1144,2008231666.03311,2013418234.91034,2043496796.99874,2085709006.82046,1947052932.12809,2217650250.23726,2392810056.98825
"GDP, PPP (constant 2021 international $)",NY.GDP.MKTP.PP.KD,Sao Tome and Principe,STP,554885573.546583,571889947.383692,591106525.73093,640118238.348323,662765019.548713,706604438.568351,769252760.83048,797264883.584242,846924799.618182,874893641.37586,887566084.071738,905312365.29496,931955190.132987,979668288.954311,1027732877.28136,1043556924.4073,1097580036.89126,1142723280.59177,1192753169.44633,1216778995.98225,1248717734.99679,1272434617.36875,1274581195.38269
"GDP, PPP (constant 2021 international $)",NY.GDP.MKTP.PP.KD,Saudi Arabia,SAU,834591055818.212,837466917745.173,831701728798.345,904631628356.946,982710175129.544,1041131253715.51,1075629314140.83,1099439629089.24,1168022893555.14,1155563476547.97,1213798015240.47,1347240076269.94,1420111161359.37,1456107830506.85,1511606256226.54,1579765475122.45,1609536040741.88,1624199697202.14,1676161528880.25,1694561319679.59,1633870015239.06,1716790721486.04,1845309405211.69
"GDP, PPP (constant 2021 international $)",NY.GDP.MKTP.PP.KD,Senegal,SEN,30834698201.8069,32163936241.3328,32186031763.8327,33986502591.7025,35564595805.8847,37097514716.067,37962172824.5955,39035408701.7631,40480955880.7791,41595034082.963,43005475623.6144,43579207837.654,45323681588.5148,46417063409.7225,49306095988.2355,52445436642.2476,55778904558.0186,59910719208.024,63630720168.7878,66566404953.1348,67459775215.4187,71874343647.3324,74624158025.0923
"GDP, PPP (constant 2021 international $)",NY.GDP.MKTP.PP.KD,Serbia,SRB,84411330657.5582,90133168819.8513,96028822833.5295,100407438996.918,107121551617.021,113445470256.518,117870596709.991,127102306314.364,133661920055.16,129461446567.795,131547035079.118,131618428915.559,131034100964.458,131625823136.629,129250937570.799,130925691745.893,134820990036.034,138007340937.995,144423785733.698,151284215869.41,149846979522.766,161758400595.651,166014242187.497
"GDP, PPP (constant 2021 international $)",NY.GDP.MKTP.PP.KD,Seychelles,SYC,1674030661.68622,1636010698.60561,1655852774.64824,1558370594.23847,1513949957.66088,1650292683.67165,1805521335.06998,1965780608.6428,1912194485.63125,1864783995.48965,1948794976.80544,2134121157.07031,2200506804.93759,2228095328.10173,2318638255.5212,2525321875.39859,2831328441.68385,3028223613.59189,3177801892.96287,3353035170.8655,2959393508.28619,2975737695.0276,3421409505.65097
"GDP, PPP (constant 2021 international $)",NY.GDP.MKTP.PP.KD,Sierra Leone,SLE,7906491146.79766,7404788277.11448,9368844307.93168,10257350976.561,10921908951.7022,11397394252.441,11885557236.0937,12833616474.3863,13531238139.6431,13965513967.2618,14892473903.5977,15787486423.7853,18187460368.6365,22021197715.7482,23025199950.5473,18307089165.4418,19468990292.3836,20199817875.7132,20901337879.9792,22051477758.7466,21775095775.6546,23059141099.8544,24284401155.7586
"GDP, PPP (constant 2021 international $)",NY.GDP.MKTP.PP.KD,Singapore,SGP,273974978881.985,271041082886.065,281675002394.523,294486300975.836,323758188300.615,347607260222.98,378915433023.903,413099362750.744,420797401026.747,421335825536.003,482512732846.182,512500581547.636,535232532510.318,561018060871.555,583097152618.905,600454784671.71,622002967448.121,650073503063.02,672937330452.777,681988732836.322,655597140120.973,719129530581.864,746730274150.63
"GDP, PPP (constant 2021 international $)",NY.GDP.MKTP.PP.KD,Sint Maarten (Dutch part),SXM,..,..,..,..,..,..,..,..,..,1707402664.34984,1762039424.83535,1843093298.53652,1868722332.27754,1893141506.94385,1923060378.63178,1925095229.39475,1943725499.47426,1797261623.53916,1674023699.68631,1857580414.01304,1610210354.93476,1683919292.28275,1848943401.64251
"GDP, PPP (constant 2021 international $)",NY.GDP.MKTP.PP.KD,Slovak Republic,SVK,99015516609.6259,101911877938.515,106413584357.758,111581770996.296,117595469413.239,125221455658.852,136398330794.484,151154763072.479,159261762803.077,150493863781.536,160713273217.507,164831429599.284,167417916849.046,168595406627.032,173160886992.069,182125217470.737,185672687107.454,191010279733.18,198769347214.691,203293137161.228,198036967629.059,209378522070.375,210320042584.157
"GDP, PPP (constant 2021 international $)",NY.GDP.MKTP.PP.KD,Slovenia,SVN,60262401721.608,61967036229.4563,64001155914.741,66046012756.8033,69048477406.7584,71709693269.4666,75946864323.0797,81368886977.3575,84112839535.048,77728180910.454,78592625092.7572,79107752525.3327,76801335462.7294,76168663542.4613,78273075480.9873,80146391825.2992,82578365122.5953,86851303796.1969,90654593360.956,93832265007.2237,89999218714.781,97549838456.5333,100182940332.822
"GDP, PPP (constant 2021 international $)",NY.GDP.MKTP.PP.KD,Solomon Islands,SLB,1002878229.83004,923083159.418185,897236988.94339,955767946.487998,1029202464.79558,1104929555.33154,1150654637.6504,1192534697.25551,1266781544.30543,1303065561.4633,1429572224.27046,1535788720.26894,1573661291.41184,1656085581.13465,1675780040.19895,1703868562.93411,1798513887.29169,1853824448.77016,1904730383.29017,1938035861.72613,1872508009.84399,1920525664.39123,1966665936.95617
"GDP, PPP (constant 2021 international $)",NY.GDP.MKTP.PP.KD,Somalia,SOM,6210061467.25818,6651616356.51113,7159152463.8356,7705414932.76854,8253294153.47997,8840129308.82295,9413532869.04819,10043707887.9342,10716069040.3378,11433440414.4894,12198835153.0363,13015468109.0063,13886769348.9841,15408660874.7156,16792051358.0506,18548867409.3484,19853756669.6542,22779365581.8335,23247325473.0059,23903902793.4424,23245952401.4053,24049850419.8053,24705717328.7295
"GDP, PPP (constant 2021 international $)",NY.GDP.MKTP.PP.KD,South Africa,ZAF,528071655958.271,542329590670.153,562397816028.991,578983352051.495,605353495673.497,637298314260.286,673011278357.64,709087873314.102,731715178544.19,720460746881.984,742360829101.668,765882949761.949,784235285032.714,803727202151.735,815090509939.588,825864883586.076,831353187729.737,840979816625.89,854072054569.475,856292091691.459,803468137157.738,843280245239.583,859399378136.802
"GDP, PPP (constant 2021 international $)",NY.GDP.MKTP.PP.KD,South Sudan,SSD,..,..,..,..,..,..,..,..,..,..,..,..,..,..,..,..,..,..,..,..,..,..,..
"GDP, PPP (constant 2021 international $)",NY.GDP.MKTP.PP.KD,Spain,ESP,1613686228082.13,1676928024163.28,1723135040591.95,1773782970731.35,1829027999245.42,1893980908237.93,1970562799099.43,2040192638007.95,2055844297669.42,1978377348784.27,1980239443377.38,1967567481442.18,1911194436507.63,1883915534186.55,1912560204681.27,1990226725096.8,2048244939445.95,2107562974810.49,2158047774432.92,2200370944084.91,1959648808037.81,2090614963398.66,2219800589424.89
"GDP, PPP (constant 2021 international $)",NY.GDP.MKTP.PP.KD,Sri Lanka,LKA,124027585836.052,122110853436.559,126952152751.664,134493452225.455,141816703115.177,150668544407.599,162222248195.881,173248212331.972,183556633674.909,190052541508.439,205287091222.38,223084420720.924,242341472548.613,252160534266.898,268243279918.649,279525472839.37,293651641715.849,312623538333.299,319845405460.137,319140197880.753,304381511441.83,317188291991.223,293885130353.623
"GDP, PPP (constant 2021 international $)",NY.GDP.MKTP.PP.KD,St. Kitts and Nevis,KNA,898235603.278653,945423960.053073,958354666.054089,920658792.87579,957451509.806426,1050638548.57386,1083737667.88475,1090246621.53169,1213630222.28994,1172309266.79344,1171673943.08819,1190615309.63399,1181832893.70845,1249519782.97291,1344195472.38305,1353526010.72097,1406756171.35906,1409864274.58378,1438111264.81239,1478828039.92253,1251762101.93263,1257766533.81364,1390119410.41074
"GDP, PPP (constant 2021 international $)",NY.GDP.MKTP.PP.KD,St. Lucia,LCA,2984950759.66823,2883221728.5477,2895228919.65176,3018699184.74524,3238080397.05444,3224794400.14425,3424578710.35218,3482509519.90936,3654870127.6506,3551477523.11831,3563198057.60416,3717375599.59701,3713332725.07845,3638879498.86311,3694222283.8641,3697950793.81793,3824720132.24821,3954048252.01935,4068169899.82193,4039657764.88086,3055550461.18423,3409978230.91317,4105162567.207
"GDP, PPP (constant 2021 international $)",NY.GDP.MKTP.PP.KD,St. Martin (French part),MAF,..,..,..,..,..,..,..,..,..,..,..,..,..,..,..,..,..,..,..,..,..,..,..
"GDP, PPP (constant 2021 international $)",NY.GDP.MKTP.PP.KD,St. Vincent and the Grenadines,VCT,1123001138.07256,1142633792.32654,1203674741.50728,1284216670.67502,1337058318.6698,1370331781.59086,1466212885.9701,1514934679.75501,1521064723.69353,1500101506.93446,1433039950.07333,1424351763.44961,1441004033.45577,1476488529.69972,1494948392.05409,1536555215.57733,1600259745.06891,1623444798.47378,1674999097.25515,1686083025.96307,1623037920.07817,1635272332.5254,1752355098.43383
"GDP, PPP (constant 2021 international $)",NY.GDP.MKTP.PP.KD,Sudan,SDN,121039060983.618,128907036334.483,136649800780.219,145243444604.311,152710248170.58,161328474716.694,171865501665.239,181722459503.926,188712858640.32,183489844612.545,190569326775.598,184445320301.139,153080968306.52,156073922642.547,163349120543.47,166469377694.971,172241940059.519,173463576844.394,168813138819.997,165135964859.046,159141858245.694,156168260027.791,154672454523.183
"GDP, PPP (constant 2021 international $)",NY.GDP.MKTP.PP.KD,Suriname,SUR,7731234807.85108,8055946702.3166,8281513265.44721,8803248554.22591,9551524697.603,9981343329.13633,10559616805.2417,11099370327.6172,11559262393.8227,11907623766.9886,12523108019.2929,13255630651.2693,13612253476.9177,14011560990.1665,14047360953.2772,13567918528.4332,12901508432.171,13103550934.2593,13751950156.2068,13912516519.7278,11689965333.3394,11405269573.3629,11679705719.6006
"GDP, PPP (constant 2021 international $)",NY.GDP.MKTP.PP.KD,Sweden,SWE,427413245331.271,433229343413.141,443096883178.771,451431287943.743,470298995838.234,483435278539.177,506040705921.432,522360069915.909,517538043534.4,495513830445.207,524009521900.768,540588714087.993,538348159176.121,544473034999.59,556972849885.395,581536136091.317,595200727972.952,606064069860.56,617597254493.069,633343809629.539,620643128688.704,657493867662.793,667088600111.591
"GDP, PPP (constant 2021 international $)",NY.GDP.MKTP.PP.KD,Switzerland,CHE,488435638286.753,496131732874.668,495768479686.847,495607858252.274,508997741402.525,522993647131.466,544298465132.407,565615238597.41,581497621915.552,568138443071.45,586565430195.991,597200496062.531,604243005804.543,615071910923.359,629525370586.463,639878719127.772,653115824072.338,662016483630.238,680953106295.906,688729470411.703,673978695091.761,710318871754.097,728562191493.429
"GDP, PPP (constant 2021 international $)",NY.GDP.MKTP.PP.KD,Syrian Arab Republic,SYR,129907464111.245,131267968227.313,136459395744.727,146290524284.523,156388899832.974,166108591683.508,174490756054.935,184392394149.406,192647038185.698,204036413523.41,214629791994.395,220746747169.405,162604223734.974,119839170351.364,107483344543.95,102990764723.08,96393597835.5808,95696400507.7878,97029619867.4644,98214065502.817,97529361721.3717,99337766654.2033,100065695233.932
"GDP, PPP (constant 2021 international $)",NY.GDP.MKTP.PP.KD,Tajikistan,TJK,8580129343.23434,9402177479.50698,10417613000.7372,11563550334.7739,12754595896.799,13609153632.677,14561794823.9665,15697614837.5239,16937726138.3628,17598297652.2489,18742186838.7707,20129108777.2117,21638791827.4526,23240062367.9387,24797146706.9848,26289762181.4162,28103755771.934,30099122549.3957,32386655528.9152,34783268090.8793,36313732274.8975,39727222945.4623,42905400915.5615
"GDP, PPP (constant 2021 international $)",NY.GDP.MKTP.PP.KD,Tanzania,TZA,61247990089.9863,64966238148.1991,69574420093.5316,74216974922.1865,79786079165.5657,85751141168.8186,91352595553.1122,97535828141.9214,103082121917,108513627413.436,115389618835.616,124242489748.378,129833592573.948,138638368792.753,147972144106.593,157088158594.028,167875584975.536,179227797329.556,189028119923.261,199991750878.748,203975515772.129,212790081675.953,222506089071.156
"GDP, PPP (constant 2021 international $)",NY.GDP.MKTP.PP.KD,Thailand,THA,732283861830.079,757505541489.236,804084830332.067,861892445150.448,916099809929.404,954462757616.569,1001878662453.93,1056332287513.13,1074561401636.81,1067140284679.84,1147318701798.71,1156957694307.39,1240753782255.18,1274098985103.59,1286642092903.63,1326966064022.24,1372549441171.44,1429890178831.45,1490272586336.65,1521785261496.89,1429716667768.12,1452137223843.39,1487900014174.25
"GDP, PPP (constant 2021 international $)",NY.GDP.MKTP.PP.KD,Timor-Leste,TLS,2819325434.96141,3280324076.21611,3060422571.44359,2993636067.36816,3005610730.81884,3095315576.69065,2967909518.52397,3272576959.57023,3645480716.91506,4015385983.59008,4390082199.11083,4651666990.33897,4877766933.3107,5029190712.1361,5254121189.57333,5384425517.85446,5546492990.5254,5369980553.14736,5344929477.30297,6639091051.97847,8745391928.50741,9214418371.67959,7317700007.13367
"GDP, PPP (constant 2021 international $)",NY.GDP.MKTP.PP.KD,Togo,TGO,10777933347.5519,10866683027.4124,11282509973.4834,12040713984.5592,11922875690.9781,11366518616.039,11667746374.4709,11530636307.5087,11995971886.9541,12650211079.8735,13390799053.0381,14170579058.3912,15063707495.7898,15941057864.5667,16839055947.4004,17759820796.0042,18508378702.9471,19250219185.927,20173278798.0617,21166394368.2918,21588061755.9783,22881375789.0174,24199238355.6525
"GDP, PPP (constant 2021 international $)",NY.GDP.MKTP.PP.KD,Tonga,TON,596375227.683597,605276026.337176,632085088.382834,632412529.536012,619966978.980753,615889742.902154,602551626.363855,587702899.563664,616281995.656515,584671749.162601,589491764.044487,629009531.618783,634794959.395833,637295504.827885,649981127.755286,657220253.936364,700588275.495443,723023329.503351,727994480.618006,726477067.212441,739433022.393754,742114221.11341,724972421.363715
"GDP, PPP (constant 2021 international $)",NY.GDP.MKTP.PP.KD,Trinidad and Tobago,TTO,26122679066.8793,27211609208.485,29371315632.5651,33612824250.5227,36285061092.6402,38537977995.436,43628096714.3221,45702267920.6443,47252368687.2294,45177172591.4741,46678511554.437,46541111297.6005,50006944497.6687,51773083449.2087,53768229363.594,53350202913.2682,49334459824.8102,46965997052.3523,46683043432.2707,46851696386.3622,42598557065.8992,42156628469.72,42781488704.4562
"GDP, PPP (constant 2021 international $)",NY.GDP.MKTP.PP.KD,Tunisia,TUN,88702420396.6336,92069805245.6814,93287481036.3743,97674231108.8385,103764991750.33,107382805445.44,113014066965.906,120596769493.159,125707397050.222,129533238981.267,133381843467.636,130652005448.976,136161178663.498,139469801305.421,143779875669.535,145171237995.384,146793419079.1,150078418990.446,154017872597.193,156463440234.814,142363058072.861,149105829130.527,153091902425.379
"GDP, PPP (constant 2021 international $)",NY.GDP.MKTP.PP.KD,Turkiye,TUR,973418965937.834,917447311592.274,976601764169.729,1032885336288.37,1134066126804.58,1236044811105.74,1321925057315.52,1388596452430.66,1399913854737.88,1332393854314.25,1444676074407.38,1606481392312.21,1683407636687.94,1826258528042.89,1916470497438.36,2033077893882.39,2100638784319.63,2258228653175.93,2326272930362.41,2345313812228.74,2388933671520.26,2662213247040.57,2809524896942.33
"GDP, PPP (constant 2021 international $)",NY.GDP.MKTP.PP.KD,Turkmenistan,TKM,23429071266.5706,24446793974.6902,24509666221.1008,25310845190.3874,26576490575.824,30040479624.705,33336914076.3533,37023743238.2639,42466233494.2887,45056673786.2155,49201887769.1652,56434565235.7443,62698801955.2154,69094079818.2233,76210770019.1493,81164470001.4359,86196667114.2781,91799450517.0719,97491016395.3094,103632950469.421,109747294597.405,116551626881.618,123777827673.938
"GDP, PPP (constant 2021 international $)",NY.GDP.MKTP.PP.KD,Turks and Caicos Islands,TCA,..,..,..,..,..,..,..,..,..,..,..,852697053.83282,844406285.875468,853448838.691298,927795298.201294,1032773797.29242,1107662090.0044,1079970537.75429,1140563295.4498,1201137759.4815,879437839.658136,958811479.639579,1018257786.4443
"GDP, PPP (constant 2021 international $)",NY.GDP.MKTP.PP.KD,Tuvalu,TUV,35521772.228235,35521772.228235,38904798.1547335,37213285.1914843,36367528.7098596,34676015.7466103,35521772.228235,38059041.6731089,40596311.1179828,38059041.6731089,37213285.1914843,39750554.6363582,38904798.1547335,40596311.1179828,40596311.1179828,44825093.526106,47362362.97098,48521979.6829355,49195117.2666606,55994914.8032745,53601170.2333323,54568208.1944219,54937803.7768919
"GDP, PPP (constant 2021 international $)",NY.GDP.MKTP.PP.KD,Uganda,UGA,35688342775.5911,37538305526.1714,40816407789.0528,43458559445.72,46416884994.9654,49356264462.1979,54679211422.7984,59279059602.2664,64441525832.5968,68824527391.806,72704586957.4991,79532751291.9507,82584785315.0513,85547023791.0966,89915317733.6013,94579998410.3165,99101868411.0026,102205149786.109,108648084530.548,115643657676.452,119056656372.302,123267190675.87,128922716406.488
"GDP, PPP (constant 2021 international $)",NY.GDP.MKTP.PP.KD,Ukraine,UKR,513608316297.111,558805848150.117,588644109014.484,644663072358.952,720703354362.258,742837814820.854,799081191369.321,864732459094.674,884132659144.793,750306202910.184,781008765496.746,823536885932.544,824791255870.238,825166033548.36,741998415570.006,669483005310.266,685824964591.911,702010243652.423,726498904629.557,749743265142.841,721606765394.667,746470597165.433,531796221852.748
"GDP, PPP (constant 2021 international $)",NY.GDP.MKTP.PP.KD,United Arab Emirates,ARE,323320685681.595,327844217016.708,335822164444.83,365376331087.755,400329826290.311,419766404604.539,461060168109.328,475742122795.353,490927032438.189,465188111522.565,472644379393.479,502024529760.633,511183870860.687,537027076395.004,559397969508.738,597363039191.564,630585329389.798,635220564855.955,643566816035.176,650699776863.479,618444247719.99,645375981370.255,693841762289.867
"GDP, PPP (constant 2021 international $)",NY.GDP.MKTP.PP.KD,United Kingdom,GBR,2641898072740.92,2709868308178.23,2758528350313.68,2845486723272.1,2915426066966.72,2995094771123.54,3066398813378.89,3146888103155.98,3139058730580.08,2994016835644.82,3060882666519.57,3095726602294.81,3142441066399.63,3199002538578.3,3301199067313.21,3374581040061.8,3439430703986.74,3530799348932.92,3580413797699.39,3638576730449.44,3263915436355.67,3543827221753.57,3715316038481.89
"GDP, PPP (constant 2021 international $)",NY.GDP.MKTP.PP.KD,United States,USA,15529830421656.1,15678223906470.6,15944823845281,16390578291949.3,17021250323630.5,17614194078716.5,18104668294995.9,18467460192997.4,18488436872853.9,18012082253512,18497542558601.3,18786919382280.5,19216973268992.8,19623956113038.4,20119229405792.3,20711851459007.1,21088693545824.5,21606973981864.9,22247945960330.3,22822794023500,22329130338514.2,23681171000000,24276130895651.5
"GDP, PPP (constant 2021 international $)",NY.GDP.MKTP.PP.KD,Uruguay,URY,61447071522.0626,59084966236.5068,54516512383.8832,54955525089.6168,57705587689.3878,62010500777.5518,64552049119.8041,68774728413.6769,73710102417.2944,76837986334.2239,82833969175.2453,87109968853.6575,90192075235.1316,94374767564.4794,97431369259.2411,97792587543.0089,99445084893.0124,101175803767.725,101342518889.64,102283333210.989,94734678136.4358,100003719372.588,104711152067.69
"GDP, PPP (constant 2021 international $)",NY.GDP.MKTP.PP.KD,Uzbekistan,UZB,84539976877.2926,88060084771.0411,91559141841.5982,95434499149.4921,102543415569.086,109670190329.845,117842175154.986,129005370659.47,140653473297.985,151977390655.793,163523368286.661,175828730509.989,188316869190.095,202057504405.08,215946610815.457,231535307548.99,245270331147.858,256050635796.195,270284991806.051,288610108824.551,293122074101.851,316673503929.411,335678164943.493
"GDP, PPP (constant 2021 international $)",NY.GDP.MKTP.PP.KD,Vanuatu,VUT,622582260.4874,601429514.623078,570165291.340096,594615889.75332,618325560.941901,651129750.613356,706219868.963293,726529991.709394,767222877.125579,790525764.739846,800477434.325739,825610848.024418,833949911.297853,837814355.253835,864095479.751471,867262580.437201,907926409.883792,965282893.86205,993278320.565723,1025472334.87571,974275716.451346,959152084.277748,977529985.045857
"GDP, PPP (constant 2021 international $)",NY.GDP.MKTP.PP.KD,"Venezuela, RB",VEN,..,..,..,..,..,..,..,..,..,..,..,..,..,..,..,..,..,..,..,..,..,..,..
"GDP, PPP (constant 2021 international $)",NY.GDP.MKTP.PP.KD,Viet Nam,VNM,335560036797.161,356340911874.838,378864583034.311,405002691161.065,435525356944.074,468395534555.077,501079963291.044,536804481752.599,567197123348.626,597813842917.616,636212889630.382,677014296785.697,714280851405.542,753948515703.971,802368922391.051,858431677101.791,915860832928.699,979423318291.117,1052537336148.14,1129996323741.92,1162375387665.02,1192059299524.62,1288896409184.75
"GDP, PPP (constant 2021 international $)",NY.GDP.MKTP.PP.KD,Virgin Islands (U.S.),VIR,..,..,5891955133.95725,5868618225.98452,6061454781.33813,6272715211.40706,6492573449.67647,6752964212.31957,6835257519.3813,6384486718.0133,6422562725.75828,5895639908.90031,5022348247.39445,4706685860.60542,4623164295.22933,4603512162.19966,4677207661.06091,4642816428.259,4730022768.57815,4867587699.78582,4788979167.66715,4964620106.61981,4899522415.95903
"GDP, PPP (constant 2021 international $)",NY.GDP.MKTP.PP.KD,West Bank and Gaza,PSE,13210732057.9429,11980670076.5981,10484478209.7301,11953945736.6292,14574786910.5204,16220375261.2422,16058730121.5694,16667080027.2496,17905307779.1404,19443998769.9867,20567348977.1502,22541980763.7387,23916242829.4988,25039964208.0507,25000434455.1801,25930775540.3463,28229439949.0572,28630119462.896,28981433182.0701,29376359539.3877,26051406241.5946,27878126229.8832,29016323292.585
"GDP, PPP (constant 2021 international $)",NY.GDP.MKTP.PP.KD,"Yemen, Rep.",YEM,..,..,..,..,..,..,..,..,..,..,..,..,..,..,..,..,..,..,..,..,..,..,..
"GDP, PPP (constant 2021 international $)",NY.GDP.MKTP.PP.KD,Zambia,ZMB,22244804500.7749,23427531453.9309,24483179366.7729,26183529803.8137,28024859074.7115,30052625499.5098,32427893191.6314,35136412295.8885,37867880381.0486,41359430886.098,45618717444.334,48159338865.8523,51818187350.1798,54438911322.4803,56993883582.1163,58658318773.7131,60860997487.8084,63006872740.5941,65548881175.7971,66493641150.1842,64641756629.1277,68672119764.9363,72250777479.1933
"GDP, PPP (constant 2021 international $)",NY.GDP.MKTP.PP.KD,Zimbabwe,ZWE,48412817547.8083,49109775922.7513,44741940846.8478,37138014565.3196,34981210248.5481,32983404049.7055,31841685105.7478,30678404278.9502,25257853491.9698,28293736340.7949,34363325896.7411,39387315362.624,45588799751.7141,47046150994.3269,47744571157.6702,48710754169.9586,49149616338.2354,51155050392.3099,53717850269.8957,50316196190.5441,46383003966.9753,50310724580.5111,53399432413.1043
"GDP, PPP (constant 2021 international $)",NY.GDP.MKTP.PP.KD,OECD members,OED,48482197655206.8,49159022481793.9,49927245791452,50940848667925.5,52634180812478.9,54141149909855.5,55887570996380.6,57411934310896.4,57678274312247.6,55668949176389.8,57358450887013.1,58556814716502.2,59318407318663.8,60266910603906.7,61599369130217.5,63183007840757.9,64370398677343.4,66088765244291.9,67645771433501.8,68875216243316.6,66062403480746.4,70088733180928.9,72315888598942.1
,,,,,,,,,,,,,,,,,,,,,,,,,,
,,,,,,,,,,,,,,,,,,,,,,,,,,
,,,,,,,,,,,,,,,,,,,,,,,,,,
Data from database: World Development Indicators,,,,,,,,,,,,,,,,,,,,,,,,,,
Last Updated: 12/16/2024,,,,,,,,,,,,,,,,,,,,,,,,,,
